ticker,buy_price,overall_success_rate,predicted_higher_success_rate,last_date,adj_prediction_price,adj_price_higher,stop_loss,latest_close
MA,421.9800109863281,0.75,0.9230769230769232,2024-01-08,59693.456097324095,True,-0.0211121193827035,421.9800109863281
MA,429.1000061035156,0.7837837837837838,1.0,2024-01-12,87972.37688980106,True,-0.0211121193827035,429.1000061035156
MA,429.1000061035156,0.7567567567567568,1.0,2024-01-12,38756.737189801184,True,-0.0211121193827035,429.1000061035156
KR,47.63999938964844,0.8,0.9130434782608696,2024-02-16,17588.06396620952,True,-0.0331290922301532,47.63999938964844
KR,48.0,0.7428571428571429,0.9130434782608696,2024-02-20,8148.45890014246,True,-0.0331290922301532,48.0
CMI,262.8800048828125,0.5428571428571428,0.5806451612903226,2024-02-22,95688.97935013026,True,-0.0658474291785288,262.8800048828125
CMI,263.9700012207031,0.4444444444444444,0.5172413793103449,2024-02-23,587645.5184757069,True,-0.0658474291785288,263.9700012207031
CMI,263.9700012207031,0.4722222222222222,0.5333333333333333,2024-02-23,13451.796969986986,True,-0.0658474291785288,263.9700012207031
PRU,108.06999969482422,0.7428571428571429,0.7307692307692307,2024-02-23,136737.41416679684,True,-0.0566421237728922,108.06999969482422
PRU,108.01000213623048,0.6285714285714286,0.6956521739130435,2024-03-01,6913.270217322597,True,-0.0566421237728922,108.01000213623048
HPE,16.729999542236328,0.7777777777777778,0.5555555555555556,2024-03-15,2558.643649309798,True,-0.0881979295343612,16.729999542236328
CPB,42.310001373291016,0.6285714285714286,0.75,2024-04-12,20331.59720874068,True,-0.0373290185597001,42.310001373291016
SUN,49.869998931884766,0.7567567567567568,0.3846153846153846,2024-05-23,59.64371726450869,True,-0.0570044961977388,49.869998931884766
SUN,49.97999954223633,0.868421052631579,0.5454545454545454,2024-05-24,60.91724679807736,True,-0.0570044961977388,49.97999954223633
SUN,49.97999954223633,0.868421052631579,0.5454545454545454,2024-05-24,60.91724679807736,True,-0.0570044961977388,49.97999954223633
SYY,72.94999694824219,0.75,0.5833333333333334,2024-05-24,82.59854859622838,True,-0.0724522165638446,72.94999694824219
XLP,76.56999969482422,0.8611111111111112,0.9047619047619048,2024-07-02,10863.380589861106,True,-0.0212596449173354,76.56999969482422
DRI,142.27000427246094,0.6388888888888888,0.7,2024-07-12,84977.00931045346,True,-0.0335823784652157,142.27000427246094
BFIN,11.369999885559082,0.7222222222222222,0.7857142857142857,2024-08-13,10484.270564046235,True,-0.0651974302812866,11.369999885559082
PRU,109.5,0.6388888888888888,0.6666666666666666,2024-08-13,135.53536845341372,True,-0.0307481064465479,109.5
SUN,50.45000076293945,0.5833333333333334,0.7058823529411765,2024-08-14,58.039061392058095,True,-0.0563380502404296,50.45000076293945
SUN,52.09999847412109,0.6111111111111112,0.7692307692307693,2024-08-15,58.90593510143728,True,-0.0563380502404296,52.09999847412109
PRU,114.88999938964844,0.7837837837837838,0.8,2024-08-16,135.57320997212295,True,-0.0307481064465479,114.88999938964844
PRU,114.88999938964844,0.7837837837837838,0.8,2024-08-16,135.57320997212295,True,-0.0307481064465479,114.88999938964844
AAPL,226.0500030517578,0.8888888888888888,0.9090909090909092,2024-08-16,6272.761464015324,True,-0.0698238324264586,226.0500030517578
PRU,113.25,0.8333333333333334,0.9411764705882352,2024-09-06,131.86539147993255,True,-0.0216273927318419,113.25
PRU,113.25,0.8333333333333334,0.9411764705882352,2024-09-06,131.86539147993255,True,-0.0216273927318419,113.25
NVDA,119.0999984741211,0.6388888888888888,0.5333333333333333,2024-09-13,2430.330320719271,True,-0.1076192991960911,119.0999984741211
NVDA,119.0999984741211,0.6388888888888888,0.5333333333333333,2024-09-13,2430.330320719271,True,-0.1076192991960911,119.0999984741211
ADP,277.510009765625,0.7222222222222222,1.0,2024-09-13,470978.72161728,True,-0.0250083844148523,277.510009765625
GOOG,160.80999755859375,0.8611111111111112,0.8333333333333334,2024-09-18,37372.42961195989,True,-0.027713955861867,160.80999755859375
VAC,74.48999786376953,0.7222222222222222,0.6111111111111112,2024-09-20,101711.98061269493,True,-0.0638006572782807,74.48999786376953
VAC,74.48999786376953,0.7222222222222222,0.6111111111111112,2024-09-20,101711.98061269493,True,-0.0638006572782807,74.48999786376953
ADP,276.4100036621094,0.7777777777777778,1.0,2024-09-20,1069024.9269865495,True,-0.0250083844148523,276.4100036621094
XLF,45.43999862670898,0.6666666666666666,0.7391304347826086,2024-09-23,52453.461019793926,True,-0.0207468346939057,45.43999862670898
NVDA,120.87000274658205,0.8888888888888888,0.8125,2024-09-24,3267.8937010041886,True,-0.1076192991960911,120.87000274658205
VAC,76.06999969482422,0.8333333333333334,0.6875,2024-09-24,587037.3231733962,True,-0.0638006572782807,76.06999969482422
CTBI,48.16999816894531,0.8333333333333334,0.9411764705882352,2024-09-26,80165.74908533483,True,-0.060972996611265,48.16999816894531
XLC,90.01000213623047,0.6388888888888888,0.6666666666666666,2024-09-27,37314.815516089366,True,-0.0218995465841221,90.01000213623047
XLC,90.01000213623047,0.6388888888888888,0.6666666666666666,2024-09-27,37314.815516089366,True,-0.0218995465841221,90.01000213623047
XLC,90.01000213623047,0.6388888888888888,0.6666666666666666,2024-09-27,37314.815516089366,True,-0.0218995465841221,90.01000213623047
AXS,79.61000061035156,0.75,0.875,2024-09-30,171871.9406613217,True,-0.032614905859953,79.61000061035156
XLC,90.4000015258789,0.6944444444444444,0.7083333333333334,2024-09-30,82468.98635934283,True,-0.0218995465841221,90.4000015258789
XLK,221.88999938964844,0.8611111111111112,0.8888888888888888,2024-10-02,175077.68277731692,True,-0.047174292547572,221.88999938964844
VAC,74.27999877929688,0.8333333333333334,0.7619047619047619,2024-10-02,19575.7013805407,True,-0.0638006572782807,74.27999877929688
JCI,75.48999786376953,0.6666666666666666,0.7241379310344828,2024-10-03,40360.99554628264,True,-0.0331822324448098,75.48999786376953
CSCO,52.43000030517578,0.4722222222222222,0.56,2024-10-03,49721.8380765573,True,-0.0263323338852752,52.43000030517578
MA,498.0199890136719,0.8055555555555556,0.9615384615384616,2024-10-10,149794.04187888285,True,-0.0221838940149066,498.0199890136719
CSCO,54.25,0.7222222222222222,0.8076923076923077,2024-10-11,30785.91650228509,True,-0.0263323338852752,54.25
MA,507.2300109863281,0.75,0.96,2024-10-15,363429.4651664448,True,-0.0221838940149066,507.2300109863281
DRI,160.13999938964844,0.7222222222222222,0.8333333333333334,2024-10-15,890121.1109653524,True,-0.0406325028644042,160.13999938964844
CSCO,54.08000183105469,0.5277777777777778,0.6538461538461539,2024-10-15,121043.686638962,True,-0.0263323338852752,54.08000183105469
DRI,162.92999267578125,0.6666666666666666,0.8181818181818182,2024-10-16,105044.12025143873,True,-0.0406325028644042,162.92999267578125
DRI,161.1199951171875,0.8648648648648649,0.9565217391304348,2024-10-22,540006.726679666,True,-0.0406325028644042,161.1199951171875
CAT,376.2000122070313,0.7297297297297297,0.6956521739130435,2024-10-31,308218.51774600154,True,-0.0513365618080716,376.2000122070313
KO,62.54999923706055,0.7105263157894737,0.3,2024-11-14,65.60028736406815,True,-0.0242280887944723,62.54999923706055
KO,61.7400016784668,0.717948717948718,0.0,2024-11-15,65.63221875748518,True,-0.0242280887944723,61.7400016784668
KO,61.7400016784668,0.717948717948718,0.0,2024-11-15,65.632216072407,True,-0.0242280887944723,61.7400016784668
KO,61.7400016784668,0.7105263157894737,0.125,2024-11-15,69.29488121412639,True,-0.0242280887944723,61.7400016784668
KO,61.86000061035156,0.6842105263157895,0.0,2024-11-18,69.57530949467638,True,-0.0242280887944723,61.86000061035156
KO,62.59000015258789,0.7368421052631579,0.0,2024-11-19,66.62711450188449,True,-0.0242280887944723,62.59000015258789
BFIN,12.5,0.5789473684210527,0.6923076923076923,2024-11-20,19536.76709692621,True,-0.0738831298377565,12.5
KO,62.9900016784668,0.6842105263157895,0.0,2024-11-20,66.32603364983937,True,-0.0242280887944723,62.9900016784668
KR,58.58000183105469,0.7368421052631579,0.7857142857142857,2024-11-21,8102.552992558034,True,-0.0714285767173597,58.58000183105469
PAYX,144.4600067138672,0.631578947368421,0.6923076923076923,2024-11-22,149.085878858325,True,-0.0651384557984556,144.4600067138672
CMI,371.0299987792969,0.7368421052631579,0.8709677419354839,2024-11-27,431150.1659560313,True,-0.0884022993837355,371.0299987792969
KR,60.5,0.6578947368421053,0.7586206896551724,2024-11-27,35114.75990496942,True,-0.0714285767173597,60.5
CMI,371.0299987792969,0.7027027027027027,0.8387096774193549,2024-11-27,513057.1628847807,True,-0.0884022993837355,371.0299987792969
KR,61.08000183105469,0.7105263157894737,0.8214285714285714,2024-11-29,161154.93859929676,True,-0.0714285767173597,61.08000183105469
KR,61.08000183105469,0.7105263157894737,0.8214285714285714,2024-11-29,161154.93859929676,True,-0.0714285767173597,61.08000183105469
KO,62.209999084472656,0.8108108108108109,0.5833333333333334,2024-12-04,66.45838861204106,True,-0.0242280887944723,62.209999084472656
PAYX,142.39999389648438,0.918918918918919,1.0,2024-12-05,145.09818099838915,True,-0.0651384557984556,142.39999389648438
CMI,378.5700073242188,0.5945945945945946,0.7586206896551724,2024-12-05,168730.43606390856,True,-0.0884022993837355,378.5700073242188
XLK,240.83999633789065,0.8157894736842105,0.8571428571428571,2024-12-06,241.95280811697043,False,-0.047174292547572,240.83999633789065
XLK,240.83999633789065,0.8157894736842105,0.8571428571428571,2024-12-06,241.95280811697043,False,-0.047174292547572,240.83999633789065
PAYX,142.86000061035156,0.8648648648648649,0.9230769230769232,2024-12-06,144.37446132767056,True,-0.0651384557984556,142.86000061035156
KO,62.52999877929688,0.7027027027027027,0.3076923076923077,2024-12-06,65.645544382523,True,-0.0214779252906056,62.52999877929688
KO,62.59999847412109,0.7837837837837838,0.5,2024-12-09,66.41575293150805,True,-0.0214779252906056,62.59999847412109
PAYX,142.38999938964844,0.8648648648648649,0.875,2024-12-10,144.33699921735587,True,-0.0651384557984556,142.38999938964844
PAYX,141.24000549316406,0.8108108108108109,0.8333333333333334,2024-12-11,143.21545303146323,True,-0.0651384557984556,141.24000549316406
AFG,139.97999572753906,0.5135135135135135,0.5238095238095238,2024-12-11,144.00211988804526,True,-0.0392421593729281,139.97999572753906
KO,62.63999938964844,0.7027027027027027,0.3846153846153846,2024-12-11,65.33920808483192,True,-0.0214779252906056,62.63999938964844
NVDA,137.33999633789062,0.8378378378378378,0.875,2024-12-12,3219.860332171864,True,-0.0883448673890183,137.33999633789062
PAYX,141.19000244140625,0.8108108108108109,0.8571428571428571,2024-12-12,143.5387069544091,True,-0.0651384557984556,141.19000244140625
AFG,139.0500030517578,0.4864864864864865,0.5,2024-12-12,143.9995182599483,True,-0.0392421593729281,139.0500030517578
PAYX,140.97999572753906,0.8421052631578947,0.8947368421052632,2024-12-13,143.15086934902664,True,-0.0651384557984556,140.97999572753906
AFG,139.91000366210938,0.5263157894736842,0.5238095238095238,2024-12-13,142.89107814308545,True,-0.0392421593729281,139.91000366210938
CTBI,58.36000061035156,0.918918918918919,0.9565217391304348,2024-12-16,107444.11628255238,True,-0.1264628316502367,58.36000061035156
PAYX,141.1999969482422,0.7837837837837838,0.7619047619047619,2024-12-16,144.9325594415386,True,-0.0651384557984556,141.1999969482422
CNI,102.7699966430664,0.8108108108108109,0.7142857142857143,2024-12-16,109.21043110353698,True,-0.0417362271632061,102.7699966430664
NVDA,132.0,0.6486486486486487,0.7,2024-12-16,1012.7529504284826,True,-0.0883448673890183,132.0
CMI,366.9700012207031,0.5405405405405406,0.68,2024-12-16,368.0527050123095,False,-0.0884022993837355,366.9700012207031
BAX,29.420000076293945,0.8108108108108109,0.5,2024-12-16,34.712577075380324,True,-0.045515717158442,29.420000076293945
ADP,295.57000732421875,0.7567567567567568,0.75,2024-12-17,303.90762561111893,True,-0.0284424166582335,295.57000732421875
PAYX,140.27999877929688,0.7837837837837838,0.72,2024-12-17,144.58129654046684,True,-0.0651384557984556,140.27999877929688
CNI,102.9499969482422,0.7837837837837838,0.6666666666666666,2024-12-17,108.63900068935789,True,-0.0417362271632061,102.9499969482422
JCI,81.8499984741211,0.5675675675675675,0.5454545454545454,2024-12-17,82.8593261427855,True,-0.056679673580653,81.8499984741211
BAX,29.63999938964844,0.7567567567567568,0.4166666666666667,2024-12-17,34.74557039981765,True,-0.045515717158442,29.63999938964844
AMD,125.0199966430664,0.7027027027027027,0.2,2024-12-17,140.91666120595016,True,-0.0650273147601422,125.0199966430664
XLI,132.44000244140625,0.75,0.88,2024-12-18,142.0348595814373,True,-0.0252578023075152,132.44000244140625
SBUX,89.9000015258789,0.7291666666666666,0.8518518518518519,2024-12-18,99.16804521875557,True,-0.0484731273608682,89.9000015258789
CAT,363.8900146484375,0.75,0.85,2024-12-18,385.58624756736265,True,-0.0333268993026327,363.8900146484375
PRU,114.58999633789062,0.75,0.84,2024-12-18,125.64380406925886,True,-0.0284177326958428,114.58999633789062
XLRE,40.7599983215332,0.7916666666666666,0.8,2024-12-18,42.04490105009572,True,-0.0218076122050382,40.7599983215332
NSC,237.8000030517578,0.7708333333333334,0.7741935483870968,2024-12-18,255.1657117367002,True,-0.0399459950202129,237.8000030517578
TRN,34.970001220703125,0.6666666666666666,0.7692307692307693,2024-12-18,36.80283705592131,True,-0.04521928326918,34.970001220703125
XLF,47.630001068115234,0.6458333333333334,0.7586206896551724,2024-12-18,49.24101302441903,True,-0.0207468346939057,47.630001068115234
SUN,50.86000061035156,0.7916666666666666,0.7368421052631579,2024-12-18,53.81508166417719,True,-0.0380609405276359,50.86000061035156
XLU,74.88999938964844,0.75,0.7307692307692307,2024-12-18,79.95775730981444,True,-0.0208177280420474,74.88999938964844
ADBE,441.30999755859375,0.7708333333333334,0.7058823529411765,2024-12-18,478.2327176981491,True,-0.043924870365196,441.30999755859375
JCI,78.81999969482422,0.6458333333333334,0.7,2024-12-18,82.48869947655089,True,-0.056679673580653,78.81999969482422
XLE,84.05000305175781,0.7291666666666666,0.6923076923076923,2024-12-18,92.50176901411862,True,-0.0333717085725859,84.05000305175781
QSR,65.94999694824219,0.6875,0.6363636363636364,2024-12-18,71.74220594326279,True,-0.0387399376859909,65.94999694824219
UNP,224.5399932861328,0.6666666666666666,0.6363636363636364,2024-12-18,234.72568752880105,True,-0.0306342491723136,224.5399932861328
AFG,134.63999938964844,0.625,0.5652173913043478,2024-12-18,140.73630756076886,True,-0.0392421593729281,134.63999938964844
CNI,101.4000015258789,0.7708333333333334,0.5454545454545454,2024-12-18,105.42865750558671,True,-0.0417362271632061,101.4000015258789
AMD,121.41000366210938,0.6458333333333334,0.4,2024-12-18,147.18522145064946,True,-0.0650273147601422,121.41000366210938
XLV,137.32000732421875,0.6875,0.3076923076923077,2024-12-18,145.74979906573256,True,-0.0171679720081581,137.32000732421875
CPB,41.65999984741211,0.7291666666666666,0.25,2024-12-18,45.22589500049215,True,-0.0302969164709121,41.65999984741211
BAX,28.90999984741211,0.6875,0.1538461538461538,2024-12-18,33.24193695216484,True,-0.045515717158442,28.90999984741211
NSC,230.6000061035156,0.7291666666666666,0.8636363636363636,2024-12-19,247.6251431609159,True,-0.0399459950202129,230.6000061035156
BFIN,12.390000343322754,0.8125,0.8611111111111112,2024-12-19,13.262083804728633,True,-0.0738831298377565,12.390000343322754
EA,147.88999938964844,0.7083333333333334,0.8181818181818182,2024-12-19,155.56676211506516,True,-0.0308266998869828,147.88999938964844
XLI,132.27000427246094,0.6875,0.8076923076923077,2024-12-19,138.6871299158035,True,-0.0252578023075152,132.27000427246094
SBUX,88.76000213623047,0.6458333333333334,0.7931034482758621,2024-12-19,98.07483570252867,True,-0.0484731273608682,88.76000213623047
TRN,35.380001068115234,0.6875,0.7857142857142857,2024-12-19,37.155190252662855,True,-0.04521928326918,35.380001068115234
CAT,360.3699951171875,0.7291666666666666,0.76,2024-12-19,374.1142960370533,True,-0.0333268993026327,360.3699951171875
QSR,65.5199966430664,0.75,0.7391304347826086,2024-12-19,70.57969060627562,True,-0.0387399376859909,65.5199966430664
SUN,51.06999969482422,0.7916666666666666,0.7368421052631579,2024-12-19,54.0533615951423,True,-0.0380609405276359,51.06999969482422
XLE,83.31999969482422,0.75,0.7307692307692307,2024-12-19,93.06076846281144,True,-0.0333717085725859,83.31999969482422
PRU,115.47000122070312,0.6875,0.72,2024-12-19,128.12898400972895,True,-0.0284177326958428,115.47000122070312
XLU,75.2300033569336,0.6666666666666666,0.6818181818181818,2024-12-19,83.54897412943357,True,-0.0208177280420474,75.2300033569336
XLRE,40.060001373291016,0.6875,0.6363636363636364,2024-12-19,42.1918997478358,True,-0.0218076122050382,40.060001373291016
UNP,223.1499938964844,0.6666666666666666,0.6153846153846154,2024-12-19,244.1819965377004,True,-0.0306342491723136,223.1499938964844
SYY,76.55000305175781,0.6458333333333334,0.6071428571428571,2024-12-19,77.64080157728401,True,-0.0412627937776758,76.55000305175781
AFG,136.4600067138672,0.6458333333333334,0.6,2024-12-19,140.50378945686057,True,-0.0392421593729281,136.4600067138672
XLB,84.52999877929688,0.6875,0.6,2024-12-19,96.73829690601062,True,-0.0239621697383655,84.52999877929688
ADBE,437.3900146484375,0.6666666666666666,0.5263157894736842,2024-12-19,494.9212508077352,True,-0.043924870365196,437.3900146484375
KO,62.45000076293945,0.6875,0.3529411764705882,2024-12-19,64.64482973584607,True,-0.0214779252906056,62.45000076293945
AMD,118.87999725341795,0.5625,0.2631578947368421,2024-12-19,146.60593558263002,True,-0.0650273147601422,118.87999725341795
CPB,41.58000183105469,0.6875,0.2307692307692307,2024-12-19,46.97988186666353,True,-0.0302969164709121,41.58000183105469
BAX,28.89999961853028,0.6666666666666666,0.1428571428571428,2024-12-19,32.0820961128762,True,-0.045515717158442,28.89999961853028
XLRE,40.790000915527344,0.8541666666666666,0.9285714285714286,2024-12-20,42.95218399453408,True,-0.0218076122050382,40.790000915527344
HPE,21.61000061035156,0.7291666666666666,0.84,2024-12-20,22.07339605715815,True,-0.0663402377205297,21.61000061035156
DDOG,149.4600067138672,0.6458333333333334,0.8333333333333334,2024-12-20,156.8390087918925,True,-0.0668106300151502,149.4600067138672
SBUX,87.97000122070312,0.6458333333333334,0.8260869565217391,2024-12-20,108.97328780775776,True,-0.0484731273608682,87.97000122070312
PRU,117.83000183105467,0.7291666666666666,0.8181818181818182,2024-12-20,124.26651086544224,True,-0.0302526799106513,117.83000183105467
XLI,133.82000732421875,0.75,0.8148148148148148,2024-12-20,140.99909167622403,True,-0.0252578023075152,133.82000732421875
XLF,48.5099983215332,0.7083333333333334,0.8076923076923077,2024-12-20,50.545215895273024,True,-0.0207468346939057,48.5099983215332
CAT,366.0400085449219,0.7291666666666666,0.7916666666666666,2024-12-20,403.7950012984474,True,-0.0333268993026327,366.0400085449219
TRN,35.7599983215332,0.7291666666666666,0.7857142857142857,2024-12-20,36.19829616721802,True,-0.04521928326918,35.7599983215332
EA,147.8000030517578,0.6875,0.78125,2024-12-20,150.45458272440848,True,-0.0308266998869828,147.8000030517578
CMI,351.3800048828125,0.6875,0.78125,2024-12-20,376.5075777208713,True,-0.0884022993837355,351.3800048828125
SUN,51.08000183105469,0.8125,0.7777777777777778,2024-12-20,53.44322034000075,True,-0.0380609405276359,51.08000183105469
QSR,66.7699966430664,0.75,0.7391304347826086,2024-12-20,69.89560565118211,True,-0.0387399376859909,66.7699966430664
XLE,84.13999938964844,0.6875,0.6666666666666666,2024-12-20,92.99238472915964,True,-0.0333717085725859,84.13999938964844
XLU,76.43000030517578,0.6666666666666666,0.6666666666666666,2024-12-20,80.88771100938253,True,-0.0231593497672064,76.43000030517578
NSC,234.1499938964844,0.5625,0.6521739130434783,2024-12-20,264.9321562331815,True,-0.0399459950202129,234.1499938964844
PG,168.05999755859375,0.7083333333333334,0.6190476190476191,2024-12-20,171.86611375016523,True,-0.0230587092476847,168.05999755859375
CNI,101.16999816894533,0.7083333333333334,0.4166666666666667,2024-12-20,110.1962835427131,True,-0.0417362271632061,101.16999816894533
KO,62.54999923706055,0.6666666666666666,0.35,2024-12-20,64.84990722130979,True,-0.0214779252906056,62.54999923706055
XLV,138.0,0.625,0.2857142857142857,2024-12-20,140.8164736400856,True,-0.0171679720081581,138.0
BAX,29.5,0.7083333333333334,0.2666666666666666,2024-12-20,35.3297651245758,True,-0.045515717158442,29.5
CPB,41.5,0.6041666666666666,0.1764705882352941,2024-12-20,46.89013397291787,True,-0.0302969164709121,41.5
XLI,133.1199951171875,0.75,0.875,2024-12-23,140.1942410959836,True,-0.0252578023075152,133.1199951171875
EA,147.3000030517578,0.7708333333333334,0.84375,2024-12-23,160.39500663455442,True,-0.0308266998869828,147.3000030517578
CAT,365.3900146484375,0.7708333333333334,0.8260869565217391,2024-12-23,396.04382473392246,True,-0.0333268993026327,365.3900146484375
AXS,89.86000061035156,0.7291666666666666,0.8181818181818182,2024-12-23,93.03830674296827,True,-0.0393673046015852,89.86000061035156
CTBI,54.18999862670898,0.8125,0.8125,2024-12-23,55.69494273716581,True,-0.1264628316502367,54.18999862670898
XLP,78.91999816894531,0.8333333333333334,0.8125,2024-12-23,80.8751786578621,True,-0.0124859538734539,78.91999816894531
HPE,21.81999969482422,0.6875,0.8076923076923077,2024-12-23,22.33561710464449,True,-0.0663402377205297,21.81999969482422
BFIN,12.5,0.7291666666666666,0.8064516129032258,2024-12-23,12.923812648491875,True,-0.0738831298377565,12.5
SBUX,87.44000244140625,0.6458333333333334,0.7777777777777778,2024-12-23,98.88060428164438,True,-0.0484731273608682,87.44000244140625
PRU,118.55999755859376,0.7083333333333334,0.7727272727272727,2024-12-23,123.4791040717856,True,-0.0302526799106513,118.55999755859376
SUN,51.47999954223633,0.7916666666666666,0.7619047619047619,2024-12-23,53.77136689029202,True,-0.0380609405276359,51.47999954223633
ADP,294.1499938964844,0.75,0.7575757575757576,2024-12-23,302688.8874733323,True,-0.0284424166582335,294.1499938964844
XLF,48.41999816894531,0.6875,0.7419354838709677,2024-12-23,49.28312533345808,True,-0.0207468346939057,48.41999816894531
NSC,235.7700042724609,0.7291666666666666,0.7419354838709677,2024-12-23,249.7999257939462,True,-0.0399459950202129,235.7700042724609
TRN,35.16999816894531,0.6875,0.7407407407407407,2024-12-23,36.19265798972196,True,-0.04521928326918,35.16999816894531
DDOG,147.4600067138672,0.6041666666666666,0.7222222222222222,2024-12-23,149.5434643439631,True,-0.0668106300151502,147.4600067138672
UNP,227.1300048828125,0.7083333333333334,0.7142857142857143,2024-12-23,236.79986089955617,True,-0.0306342491723136,227.1300048828125
JCI,80.30999755859375,0.6875,0.7,2024-12-23,81.62916440889083,True,-0.056679673580653,80.30999755859375
XLU,76.05999755859375,0.7291666666666666,0.6956521739130435,2024-12-23,80.63732952983533,True,-0.0231593497672064,76.05999755859375
QSR,66.19999694824219,0.7708333333333334,0.6818181818181818,2024-12-23,70.97809567332276,True,-0.0387399376859909,66.19999694824219
SYY,76.88999938964844,0.7291666666666666,0.6551724137931034,2024-12-23,78.26838857592142,True,-0.0412627937776758,76.88999938964844
XLRE,40.540000915527344,0.7083333333333334,0.6111111111111112,2024-12-23,44.4112993234668,True,-0.0218076122050382,40.540000915527344
XLE,83.93000030517578,0.625,0.6071428571428571,2024-12-23,92.8989603054827,True,-0.0333717085725859,83.93000030517578
CNI,102.47000122070312,0.7291666666666666,0.5,2024-12-23,108.47388434871148,True,-0.0417362271632061,102.47000122070312
KO,62.380001068115234,0.75,0.4705882352941176,2024-12-23,66.71871234317838,True,-0.0214779252906056,62.380001068115234
XLB,85.06999969482422,0.625,0.4166666666666667,2024-12-23,96.41340628896316,True,-0.0239621697383655,85.06999969482422
XLV,138.75,0.625,0.25,2024-12-23,143.56415673175826,True,-0.0171679720081581,138.75
AMD,124.5999984741211,0.6041666666666666,0.25,2024-12-23,152.2416401531129,True,-0.0650273147601422,124.5999984741211
BAX,29.18000030517578,0.75,0.2307692307692307,2024-12-23,34.53729070626604,True,-0.045515717158442,29.18000030517578
CPB,41.41999816894531,0.6875,0.2142857142857142,2024-12-23,43.7078555295764,True,-0.0302969164709121,41.41999816894531
ARCC,21.75,0.7916666666666666,0.8928571428571429,2024-12-24,38148.16024697187,True,-0.019551733945504,21.75
NVDA,140.22000122070312,0.7708333333333334,0.8846153846153846,2024-12-24,145.14608346504878,True,-0.0883448673890183,140.22000122070312
EA,149.17999267578125,0.7291666666666666,0.8666666666666667,2024-12-24,149.79730085235968,False,-0.0308266998869828,149.17999267578125
CTBI,54.56999969482422,0.8125,0.8571428571428571,2024-12-24,56.55252412000006,True,-0.1264628316502367,54.56999969482422
TRN,35.83000183105469,0.7916666666666666,0.8214285714285714,2024-12-24,37.68558827472258,True,-0.04521928326918,35.83000183105469
CAT,367.5700073242188,0.7291666666666666,0.8,2024-12-24,383.1373914668232,True,-0.0333268993026327,367.5700073242188
SBUX,89.91000366210938,0.625,0.7692307692307693,2024-12-24,95.12194468774476,True,-0.0484731273608682,89.91000366210938
CMI,353.8500061035156,0.6041666666666666,0.7096774193548387,2024-12-24,361.76745272509686,True,-0.0884022993837355,353.8500061035156
PAYX,141.38999938964844,0.7083333333333334,0.7096774193548387,2024-12-24,143.44645713190292,True,-0.0651384557984556,141.38999938964844
JCI,80.98999786376953,0.7291666666666666,0.6896551724137931,2024-12-24,82.07456328429006,True,-0.056679673580653,80.98999786376953
NSC,237.9199981689453,0.5833333333333334,0.6538461538461539,2024-12-24,260.48147805590884,True,-0.0399459950202129,237.9199981689453
SUN,51.9900016784668,0.6875,0.6538461538461539,2024-12-24,53.38988241312386,True,-0.0380609405276359,51.9900016784668
UNP,229.75,0.6666666666666666,0.6111111111111112,2024-12-24,237.8683243609876,True,-0.0306342491723136,229.75
PRU,119.26000213623048,0.5625,0.6,2024-12-24,123.86420762730998,True,-0.0302526799106513,119.26000213623048
XLE,84.63999938964844,0.625,0.6,2024-12-24,93.00849663646056,True,-0.0333717085725859,84.63999938964844
QSR,65.63999938964844,0.7083333333333334,0.5882352941176471,2024-12-24,70.81467150118682,True,-0.0387399376859909,65.63999938964844
CNI,102.9000015258789,0.7708333333333334,0.5555555555555556,2024-12-24,107.58111450433265,True,-0.0417362271632061,102.9000015258789
XLRE,40.810001373291016,0.6875,0.5555555555555556,2024-12-24,42.247589024775394,True,-0.0218076122050382,40.810001373291016
XLU,76.4800033569336,0.5833333333333334,0.5,2024-12-24,79.9001108184582,True,-0.0231593497672064,76.4800033569336
KO,62.84000015258789,0.7291666666666666,0.4210526315789473,2024-12-24,64.65059509136064,True,-0.0214779252906056,62.84000015258789
BAX,29.07999992370605,0.7916666666666666,0.3333333333333333,2024-12-24,36.01081572282129,True,-0.045515717158442,29.07999992370605
CPB,41.63999938964844,0.7291666666666666,0.3076923076923077,2024-12-24,46.05209572822385,True,-0.0302969164709121,41.63999938964844
AMD,126.29000091552734,0.6041666666666666,0.25,2024-12-24,144.0111179727171,True,-0.0650273147601422,126.29000091552734
EA,149.07000732421875,0.7659574468085106,0.925925925925926,2024-12-26,152.0467974700748,True,-0.0308266998869828,149.07000732421875
SBUX,91.86000061035156,0.7021276595744681,0.84,2024-12-26,99.34249857497204,True,-0.0484731273608682,91.86000061035156
ARCC,21.940000534057617,0.723404255319149,0.8214285714285714,2024-12-26,26918.287372939645,True,-0.019551733945504,21.940000534057617
BFIN,12.579999923706056,0.723404255319149,0.8064516129032258,2024-12-26,13.33877999906356,True,-0.0738831298377565,12.579999923706056
CAT,367.1199951171875,0.7659574468085106,0.782608695652174,2024-12-26,400.28329483650174,True,-0.0333268993026327,367.1199951171875
PAYX,142.63999938964844,0.6808510638297872,0.75,2024-12-26,145.10426543551483,True,-0.0651384557984556,142.63999938964844
TRN,35.90999984741211,0.7021276595744681,0.7307692307692307,2024-12-26,37.60754188250479,True,-0.04521928326918,35.90999984741211
QSR,65.83999633789062,0.7872340425531915,0.7222222222222222,2024-12-26,68.8250519218416,True,-0.0387399376859909,65.83999633789062
PRU,120.06999969482422,0.6382978723404256,0.6956521739130435,2024-12-26,124.61331864765988,True,-0.0302526799106513,120.06999969482422
SUN,51.08000183105469,0.7021276595744681,0.6956521739130435,2024-12-26,54.02570934973632,True,-0.0380609405276359,51.08000183105469
NSC,237.17999267578125,0.5957446808510638,0.6923076923076923,2024-12-26,264.6650467162208,True,-0.0399459950202129,237.17999267578125
XLU,76.30000305175781,0.7021276595744681,0.6666666666666666,2024-12-26,80.56986655845076,True,-0.0231593497672064,76.30000305175781
JCI,80.8499984741211,0.6739130434782609,0.6666666666666666,2024-12-26,81.15104918743168,False,-0.056679673580653,80.8499984741211
XLE,84.56999969482422,0.6808510638297872,0.6086956521739131,2024-12-26,94.1660333133364,True,-0.0333717085725859,84.56999969482422
UNP,230.22999572753903,0.6170212765957447,0.6,2024-12-26,245.4896983930917,True,-0.0306342491723136,230.22999572753903
CNI,102.66000366210938,0.6808510638297872,0.5384615384615384,2024-12-26,109.818154595906,True,-0.0417362271632061,102.66000366210938
KO,62.56999969482422,0.723404255319149,0.4,2024-12-26,63.85968527073003,True,-0.0214779252906056,62.56999969482422
CPB,41.720001220703125,0.6595744680851063,0.2941176470588235,2024-12-26,45.24905874118532,True,-0.0302969164709121,41.720001220703125
BAX,29.299999237060547,0.6808510638297872,0.2666666666666666,2024-12-26,34.669543550964875,True,-0.045515717158442,29.299999237060547
AMD,125.05999755859376,0.574468085106383,0.1875,2024-12-26,145.23475440546392,True,-0.0650273147601422,125.05999755859376
EA,148.1199951171875,0.7708333333333334,0.9032258064516128,2024-12-27,157.039086766515,True,-0.0308266998869828,148.1199951171875
CTBI,53.56999969482422,0.8125,0.8333333333333334,2024-12-27,59.744483459155376,True,-0.1264628316502367,53.56999969482422
SBUX,92.25,0.6666666666666666,0.8,2024-12-27,99.5563516198471,True,-0.0484731273608682,92.25
PAYX,141.27000427246094,0.7708333333333334,0.8,2024-12-27,145.39969824059003,True,-0.0651384557984556,141.27000427246094
VAC,90.62999725341795,0.7083333333333334,0.78125,2024-12-27,94.27838924425816,True,-0.0869762178906617,90.62999725341795
XLI,133.25999450683594,0.6875,0.7692307692307693,2024-12-27,139.487551302844,True,-0.0252578023075152,133.25999450683594
ADP,296.17999267578125,0.75,0.75,2024-12-27,286633.757934236,True,-0.0284424166582335,296.17999267578125
QSR,65.54000091552734,0.7916666666666666,0.75,2024-12-27,71.28990617599948,True,-0.0387399376859909,65.54000091552734
NSC,235.25,0.6458333333333334,0.75,2024-12-27,246.6488208726671,True,-0.0399459950202129,235.25
XLF,48.75,0.6666666666666666,0.7419354838709677,2024-12-27,49.41235812393271,True,-0.0207468346939057,48.75
CAT,364.8599853515625,0.6875,0.7368421052631579,2024-12-27,396.2250109184519,True,-0.0333268993026327,364.8599853515625
SUN,51.43999862670898,0.75,0.7272727272727273,2024-12-27,54.40558604496588,True,-0.0380609405276359,51.43999862670898
CMI,351.1499938964844,0.6458333333333334,0.71875,2024-12-27,378.18718610503686,True,-0.0884022993837355,351.1499938964844
TRN,35.47999954223633,0.6666666666666666,0.7037037037037037,2024-12-27,37.03603467046611,True,-0.04521928326918,35.47999954223633
PRU,119.05999755859376,0.625,0.64,2024-12-27,124.42508455273556,True,-0.0302526799106513,119.05999755859376
XLRE,40.540000915527344,0.6875,0.625,2024-12-27,42.96007327179103,True,-0.0218076122050382,40.540000915527344
AFG,137.0,0.5833333333333334,0.5925925925925926,2024-12-27,139.2402128915142,True,-0.0392421593729281,137.0
AVNT,40.45000076293945,0.5833333333333334,0.5789473684210527,2024-12-27,48.78799676293183,True,-0.0473810124908332,40.45000076293945
XLE,84.55999755859375,0.625,0.5652173913043478,2024-12-27,93.2682887995326,True,-0.0333717085725859,84.55999755859375
CNI,101.97000122070312,0.7083333333333334,0.5625,2024-12-27,110.5254806634164,True,-0.0417362271632061,101.97000122070312
WSO,479.9500122070313,0.5208333333333334,0.5333333333333333,2024-12-27,542.5582324634495,True,-0.0303417055754383,479.9500122070313
UNP,229.92999267578125,0.5625,0.5263157894736842,2024-12-27,240.994418046221,True,-0.0306342491723136,229.92999267578125
XLU,76.08000183105469,0.5833333333333334,0.4705882352941176,2024-12-27,80.77185373602136,True,-0.0231593497672064,76.08000183105469
XLV,138.9499969482422,0.6875,0.4615384615384615,2024-12-27,150.90089145006348,True,-0.0171679720081581,138.9499969482422
XLB,84.94000244140625,0.625,0.4615384615384615,2024-12-27,93.57823123206914,True,-0.0239621697383655,84.94000244140625
KO,62.45000076293945,0.75,0.4444444444444444,2024-12-27,66.33680968826228,True,-0.0214779252906056,62.45000076293945
CPB,41.810001373291016,0.6875,0.3125,2024-12-27,45.85414876611299,True,-0.0302969164709121,41.810001373291016
AMD,125.19000244140624,0.625,0.2941176470588235,2024-12-27,137.14780952910232,True,-0.0650273147601422,125.19000244140624
BAX,29.200000762939453,0.6666666666666666,0.2777777777777778,2024-12-27,32.46078244814888,True,-0.045515717158442,29.200000762939453
XLC,97.12999725341795,0.7446808510638298,1.0,2024-12-30,89264.0578354393,True,-0.0218995465841221,97.12999725341795
CTBI,53.220001220703125,0.8723404255319149,0.8928571428571429,2024-12-30,58.115035439849,True,-0.1264628316502367,53.220001220703125
EA,146.5399932861328,0.7446808510638298,0.8846153846153846,2024-12-30,156.44480891748427,True,-0.0308266998869828,146.5399932861328
CAT,363.010009765625,0.7872340425531915,0.8421052631578947,2024-12-30,409.3015535106725,True,-0.0333268993026327,363.010009765625
TRN,35.27000045776367,0.8085106382978723,0.84,2024-12-30,36.60716888217414,True,-0.04521928326918,35.27000045776367
XLY,226.0500030517578,0.6170212765957447,0.8387096774193549,2024-12-30,200009.58037455176,True,-0.0330037086837695,226.0500030517578
XLI,131.9199981689453,0.7446808510638298,0.8260869565217391,2024-12-30,137.85635614509482,True,-0.0252578023075152,131.9199981689453
SBUX,90.58000183105467,0.6595744680851063,0.8181818181818182,2024-12-30,99.7466175949591,True,-0.0484731273608682,90.58000183105467
VAC,88.94999694824219,0.723404255319149,0.8064516129032258,2024-12-30,91.51964383067065,True,-0.0869762178906617,88.94999694824219
CMI,348.4100036621094,0.6808510638297872,0.7857142857142857,2024-12-30,360.0307751151576,True,-0.0884022993837355,348.4100036621094
XLF,48.27999877929688,0.6808510638297872,0.7857142857142857,2024-12-30,13348.510296093158,True,-0.0207468346939057,48.27999877929688
SUN,50.93000030517578,0.7659574468085106,0.7619047619047619,2024-12-30,55.10717387293694,True,-0.0380609405276359,50.93000030517578
HPE,21.39999961853028,0.6808510638297872,0.75,2024-12-30,22.08670793912685,True,-0.0663402377205297,21.39999961853028
PAYX,139.9600067138672,0.723404255319149,0.7307692307692307,2024-12-30,143.13338439795407,True,-0.0651384557984556,139.9600067138672
PG,167.08999633789062,0.7446808510638298,0.7272727272727273,2024-12-30,171.07437392556764,True,-0.0230587092476847,167.08999633789062
ADP,292.9700012207031,0.7446808510638298,0.7241379310344828,2024-12-30,304.8417522599275,True,-0.0284424166582335,292.9700012207031
PRU,118.1500015258789,0.6382978723404256,0.7,2024-12-30,126.54298160028212,True,-0.0302526799106513,118.1500015258789
NSC,233.4900054931641,0.6382978723404256,0.6923076923076923,2024-12-30,262.1499089663345,True,-0.0399459950202129,233.4900054931641
EMR,124.26000213623048,0.6170212765957447,0.6666666666666666,2024-12-30,127.63279539044504,True,-0.0340509296419341,124.26000213623048
UNP,227.7899932861328,0.6595744680851063,0.6666666666666666,2024-12-30,236.807280154005,True,-0.0306342491723136,227.7899932861328
QSR,64.91000366210938,0.723404255319149,0.6428571428571429,2024-12-30,70.2136889972308,True,-0.0387399376859909,64.91000366210938
CNI,100.77999877929688,0.7446808510638298,0.6363636363636364,2024-12-30,109.23314474183228,True,-0.0417362271632061,100.77999877929688
AFG,136.0399932861328,0.6595744680851063,0.6296296296296297,2024-12-30,141.1361316761635,True,-0.0392421593729281,136.0399932861328
WSO,474.7900085449219,0.6170212765957447,0.6206896551724138,2024-12-30,502.96675130269153,True,-0.0303417055754383,474.7900085449219
SYY,76.36000061035156,0.723404255319149,0.6153846153846154,2024-12-30,77.28956188437685,True,-0.0412627937776758,76.36000061035156
XLRE,40.34999847412109,0.6170212765957447,0.5833333333333334,2024-12-30,43.84667686158106,True,-0.0218076122050382,40.34999847412109
AVNT,40.119998931884766,0.6170212765957447,0.5714285714285714,2024-12-30,42.7969247600002,True,-0.0473810124908332,40.119998931884766
XLU,75.76000213623047,0.6170212765957447,0.5263157894736842,2024-12-30,80.26744968055537,True,-0.0231593497672064,75.76000213623047
XLE,84.55000305175781,0.6170212765957447,0.5,2024-12-30,93.63702787021624,True,-0.0333717085725859,84.55000305175781
BAX,28.6299991607666,0.7021276595744681,0.3684210526315789,2024-12-30,31.932147539246248,True,-0.045515717158442,28.6299991607666
KO,62.02999877929688,0.6595744680851063,0.3684210526315789,2024-12-30,66.1702588226078,True,-0.0214779252906056,62.02999877929688
CPB,41.41999816894531,0.7021276595744681,0.3571428571428571,2024-12-30,44.02857259008871,True,-0.0302969164709121,41.41999816894531
AMD,122.44000244140624,0.6382978723404256,0.25,2024-12-30,134.01683415986082,True,-0.0650273147601422,122.44000244140624
XLC,96.80999755859376,0.7872340425531915,0.967741935483871,2024-12-31,19166.315440072463,True,-0.0218995465841221,96.80999755859376
CTBI,53.02999877929688,0.9148936170212766,0.9629629629629628,2024-12-31,58.15860102802705,True,-0.1264628316502367,53.02999877929688
XLI,131.75999450683594,0.8297872340425532,0.9130434782608696,2024-12-31,134.86265622745165,True,-0.0252578023075152,131.75999450683594
EA,146.3000030517578,0.7446808510638298,0.8846153846153846,2024-12-31,155.72827677392792,True,-0.0308266998869828,146.3000030517578
CAT,362.760009765625,0.723404255319149,0.8125,2024-12-31,398.97273288135176,True,-0.0333268993026327,362.760009765625
XLF,48.33000183105469,0.7021276595744681,0.8076923076923077,2024-12-31,68895.75689475484,True,-0.0207468346939057,48.33000183105469
DDOG,142.88999938964844,0.7446808510638298,0.7941176470588235,2024-12-31,147.63466350089467,True,-0.0668106300151502,142.88999938964844
NSC,234.6999969482422,0.7446808510638298,0.7916666666666666,2024-12-31,257.50996259441547,True,-0.0399459950202129,234.6999969482422
XLP,78.61000061035156,0.7659574468085106,0.7894736842105263,2024-12-31,81.69646006024617,True,-0.0124859538734539,78.61000061035156
SUN,51.43999862670898,0.8085106382978723,0.782608695652174,2024-12-31,54.161888016385646,True,-0.0380609405276359,51.43999862670898
TRN,35.099998474121094,0.7021276595744681,0.782608695652174,2024-12-31,36.68645323613877,True,-0.04521928326918,35.099998474121094
CMI,348.6000061035156,0.723404255319149,0.78125,2024-12-31,361.6987909588819,True,-0.0884022993837355,348.6000061035156
ADP,292.7300109863281,0.7872340425531915,0.7666666666666667,2024-12-31,298.1517507442134,True,-0.0284424166582335,292.7300109863281
PRU,118.52999877929688,0.723404255319149,0.7619047619047619,2024-12-31,125.0028700401634,True,-0.0302526799106513,118.52999877929688
AAPL,250.4199981689453,0.5957446808510638,0.7586206896551724,2024-12-31,253.87137732641085,True,-0.0358175056547386,250.4199981689453
PAYX,140.22000122070312,0.7872340425531915,0.7419354838709677,2024-12-31,142.8863885349399,True,-0.0651384557984556,140.22000122070312
UNP,228.0399932861328,0.723404255319149,0.7368421052631579,2024-12-31,235.85498185924152,True,-0.0306342491723136,228.0399932861328
SBUX,91.25,0.5957446808510638,0.7272727272727273,2024-12-31,95.75013355344691,True,-0.0484731273608682,91.25
QSR,65.18000030517578,0.7872340425531915,0.7222222222222222,2024-12-31,72.01693041825942,True,-0.0387399376859909,65.18000030517578
DRI,186.69000244140625,0.5957446808510638,0.7142857142857143,2024-12-31,189.1923203484731,True,-0.0373219081666621,186.69000244140625
XLE,85.66000366210938,0.7446808510638298,0.6666666666666666,2024-12-31,93.16063686521544,True,-0.0333717085725859,85.66000366210938
WSO,473.8900146484375,0.6170212765957447,0.6296296296296297,2024-12-31,503.0497039407941,True,-0.0303417055754383,473.8900146484375
XLRE,40.66999816894531,0.6382978723404256,0.5714285714285714,2024-12-31,43.579327830455554,True,-0.0218076122050382,40.66999816894531
ADBE,444.6799926757813,0.6382978723404256,0.5555555555555556,2024-12-31,508.28971796915937,True,-0.043924870365196,444.6799926757813
XLV,137.57000732421875,0.6382978723404256,0.4705882352941176,2024-12-31,144.06642489416677,True,-0.0171679720081581,137.57000732421875
CNI,101.51000213623048,0.6595744680851063,0.4615384615384615,2024-12-31,106.6013284880937,True,-0.0417362271632061,101.51000213623048
XLB,84.13999938964844,0.6382978723404256,0.45,2024-12-31,93.3104411203674,True,-0.0239621697383655,84.13999938964844
XLU,75.69000244140625,0.5531914893617021,0.4444444444444444,2024-12-31,80.56097589111133,True,-0.0231593497672064,75.69000244140625
KO,62.2599983215332,0.6808510638297872,0.3888888888888889,2024-12-31,64.37347966477408,True,-0.0214779252906056,62.2599983215332
BAX,29.15999984741211,0.7021276595744681,0.3529411764705882,2024-12-31,32.31405311447739,True,-0.045515717158442,29.15999984741211
CPB,41.880001068115234,0.7021276595744681,0.3333333333333333,2024-12-31,44.36411373184405,True,-0.0302969164709121,41.880001068115234
AMD,120.79000091552734,0.5957446808510638,0.1764705882352941,2024-12-31,135.63525089923866,True,-0.0650273147601422,120.79000091552734
EA,145.89999389648438,0.7608695652173914,0.88,2025-01-02,161.34735708051528,True,-0.0308266998869828,145.89999389648438
CTBI,51.95000076293945,0.8260869565217391,0.88,2025-01-02,56.25278546913336,True,-0.1264628316502367,51.95000076293945
XLI,131.3000030517578,0.782608695652174,0.7916666666666666,2025-01-02,139.49258700503725,True,-0.0252578023075152,131.3000030517578
XLF,48.209999084472656,0.7608695652173914,0.7857142857142857,2025-01-02,49.74387613664528,True,-0.0207468346939057,48.209999084472656
MA,522.4000244140625,0.717391304347826,0.7666666666666667,2025-01-02,525.5989305997083,True,-0.0216390348592314,522.4000244140625
BFIN,12.15999984741211,0.7391304347826086,0.7575757575757576,2025-01-02,13.007462284682797,True,-0.0738831298377565,12.15999984741211
AAPL,243.8500061035156,0.6086956521739131,0.7407407407407407,2025-01-02,257.4151808877871,True,-0.0358175056547386,243.8500061035156
DDOG,143.6300048828125,0.6956521739130435,0.7333333333333333,2025-01-02,150.4215223509922,True,-0.0668106300151502,143.6300048828125
XLE,86.66000366210938,0.7608695652173914,0.7333333333333333,2025-01-02,94.59641856246498,True,-0.0333717085725859,86.66000366210938
PAYX,138.5,0.7391304347826086,0.7307692307692307,2025-01-02,143.4499429337906,True,-0.0651384557984556,138.5
NSC,234.6000061035156,0.6956521739130435,0.72,2025-01-02,268.133229966737,True,-0.0399459950202129,234.6000061035156
CMI,347.6499938964844,0.6521739130434783,0.7142857142857143,2025-01-02,357.7419400305979,True,-0.0884022993837355,347.6499938964844
PG,165.97999572753906,0.782608695652174,0.7083333333333334,2025-01-02,174.90418624702463,True,-0.0230587092476847,165.97999572753906
XLP,78.37000274658203,0.6956521739130435,0.7058823529411765,2025-01-02,80.5780541931237,True,-0.0124859538734539,78.37000274658203
SUN,51.77000045776367,0.7391304347826086,0.6956521739130435,2025-01-02,53.300999968123286,True,-0.0374848982343763,51.77000045776367
SBUX,92.16999816894533,0.5652173913043478,0.6818181818181818,2025-01-02,97.42441909774662,True,-0.0484731273608682,92.16999816894533
PRU,118.2699966430664,0.6956521739130435,0.6818181818181818,2025-01-02,128.89650183377051,True,-0.0302526799106513,118.2699966430664
TRN,35.08000183105469,0.6521739130434783,0.6666666666666666,2025-01-02,36.33033041472062,True,-0.04521928326918,35.08000183105469
ADP,289.6499938964844,0.6956521739130435,0.6666666666666666,2025-01-02,293.5261094017973,True,-0.0284424166582335,289.6499938964844
AVNT,40.2599983215332,0.6956521739130435,0.6666666666666666,2025-01-02,49.018498083309545,True,-0.0473810124908332,40.2599983215332
AFG,135.4199981689453,0.6956521739130435,0.6521739130434783,2025-01-02,141.1991141996809,True,-0.0392421593729281,135.4199981689453
CAT,359.7699890136719,0.6739130434782609,0.6470588235294118,2025-01-02,384.5900601253624,True,-0.0333268993026327,359.7699890136719
EMR,122.18000030517578,0.6304347826086957,0.6428571428571429,2025-01-02,129.00442507665326,True,-0.0340509296419341,122.18000030517578
ADBE,441.0,0.6739130434782609,0.631578947368421,2025-01-02,492.501225591803,True,-0.043924870365196,441.0
SYY,75.70999908447266,0.6739130434782609,0.6071428571428571,2025-01-02,76.28915564798777,False,-0.0412627937776758,75.70999908447266
XLRE,40.290000915527344,0.6521739130434783,0.5789473684210527,2025-01-02,44.71587779274438,True,-0.0218076122050382,40.290000915527344
WSO,468.7999877929688,0.5869565217391305,0.5652173913043478,2025-01-02,528.6512867795137,True,-0.0303417055754383,468.7999877929688
QSR,65.55999755859375,0.6739130434782609,0.5625,2025-01-02,72.14923299944356,True,-0.0387399376859909,65.55999755859375
XLU,76.2699966430664,0.6304347826086957,0.5238095238095238,2025-01-02,80.83579509413629,True,-0.0231593497672064,76.2699966430664
KO,61.84000015258789,0.7391304347826086,0.4,2025-01-02,66.78951876777342,True,-0.0214779252906056,61.84000015258789
XLB,83.20999908447266,0.6086956521739131,0.3529411764705882,2025-01-02,92.02941003911457,True,-0.0239621697383655,83.20999908447266
CNI,101.86000061035156,0.5217391304347826,0.2777777777777778,2025-01-02,107.6351044548796,True,-0.0417362271632061,101.86000061035156
CPB,42.02999877929688,0.6956521739130435,0.2307692307692307,2025-01-02,43.299615973215744,True,-0.0302969164709121,42.02999877929688
AMD,120.62999725341795,0.6521739130434783,0.1875,2025-01-02,142.99790699390158,True,-0.0650273147601422,120.62999725341795
BAX,29.26000022888184,0.6521739130434783,0.1428571428571428,2025-01-02,33.34296593621191,True,-0.045515717158442,29.26000022888184
