Date,Close,Close_10d_ahead,RandomForest_Predicted_Close_10d_ahead,Actual_vs_Predicted_Diff %,Predicted_Higher,Actual_Higher,Prediction_Correct,ticker,LinearRegression_Predicted_Close_10d_ahead,XGBoost_Predicted_Close_10d_ahead
2024-07-02,220.27000427246094,228.8800048828125,222.79799728393556,0.027298304621320192,True,True,True,AAPL,,
2024-07-03,221.5500030517578,224.17999267578125,217.09269912719728,0.03264639288689962,False,True,False,AAPL,,
2024-07-05,226.33999633789062,224.30999755859375,217.76270401000977,0.030066184098646316,False,False,True,AAPL,,
2024-07-08,227.82000732421875,223.9600067138672,213.66240493774413,0.048195665396181996,False,False,True,AAPL,,
2024-07-10,232.97999572753906,218.5399932861328,218.60550048828125,-0.00029965944133208245,False,False,True,AAPL,,
2024-07-12,230.5399932861328,217.9600067138672,226.66949996948242,-0.038423754659483646,False,False,True,AAPL,,
2024-07-15,234.39999389648438,218.24000549316406,220.78360275268554,-0.011520770690433607,False,False,True,AAPL,,
2024-07-16,234.82000732421875,218.8000030517578,221.57680297851562,-0.012531997435792254,False,False,True,AAPL,,
2024-07-17,228.8800048828125,222.0800018310547,226.24270278930663,-0.01839927169774201,False,False,True,AAPL,,
2024-07-18,224.17999267578125,218.36000061035156,226.95019561767577,-0.03785057326760539,True,False,False,AAPL,,
2024-07-19,224.30999755859375,219.86000061035156,221.28229537963867,-0.006427512724626132,False,False,True,AAPL,,
2024-07-23,225.00999450683594,207.22999572753906,221.27459899902342,-0.06347137599624052,False,False,True,AAPL,,
2024-07-24,218.5399932861328,209.82000732421875,224.45079452514648,-0.06518483140984631,True,False,False,AAPL,,
2024-07-25,217.49000549316406,213.30999755859375,226.09399642944337,-0.05654284975602653,True,False,False,AAPL,,
2024-07-29,218.24000549316406,217.52999877929688,225.12269927978517,-0.03372694323930433,True,False,False,AAPL,,
2024-07-30,218.8000030517578,221.27000427246094,224.37779846191407,-0.013850720573767678,True,True,True,AAPL,,
2024-07-31,222.0800018310547,221.72000122070312,221.2840054321289,0.00197029960535464,False,False,True,AAPL,,
2024-08-01,218.36000061035156,224.72000122070312,220.9461054992676,0.017080616618734865,True,True,True,AAPL,,
2024-08-02,219.86000061035156,226.0500030517578,223.1326058959961,0.013074723633719077,True,True,True,AAPL,,
2024-08-05,209.27000427246094,225.88999938964844,223.0247036743164,0.012847436486301642,True,True,True,AAPL,,
2024-08-06,207.22999572753906,226.50999450683594,224.9410009765625,0.006975133583747701,True,True,True,AAPL,,
2024-08-09,216.24000549316406,226.83999633789062,225.083504486084,0.0078037342443956215,True,True,True,AAPL,,
2024-08-12,217.52999877929688,227.17999267578125,222.53040237426757,0.02089418008463252,True,True,True,AAPL,,
2024-08-14,221.72000122070312,226.49000549316406,223.54160232543944,0.01318950538536552,True,True,True,AAPL,,
2024-08-15,224.72000122070312,229.7899932861328,218.32059982299805,0.052534637008296504,False,True,False,AAPL,,
2024-08-16,226.0500030517578,229.0,220.54350173950195,0.038343901288402336,False,True,False,AAPL,,
2024-08-19,225.88999938964844,222.77000427246094,217.7219044494629,0.023185998835361984,False,False,True,AAPL,,
2024-08-20,226.50999450683594,220.85000610351562,211.32759735107422,0.0450599395053076,False,False,True,AAPL,,
2024-08-22,224.52999877929688,220.82000732421875,226.24059524536133,-0.023959395595047277,True,False,False,AAPL,,
2024-07-02,186.61000061035156,182.6199951171875,,0.08457525258453509,False,False,True,GOOG,168.37927537255285,
2024-07-03,187.38999938964844,179.22000122070312,,0.05699210415382017,False,False,True,GOOG,169.55661306872156,
2024-07-05,191.9600067138672,179.38999938964844,,0.03487014148887264,False,False,True,GOOG,173.34542006551584,
2024-07-08,190.47999572753906,183.35000610351562,,0.10773277924442619,False,False,True,GOOG,165.51826355502172,
2024-07-10,192.66000366210938,174.3699951171875,,0.03881299059324013,False,False,True,GOOG,167.85503906493233,
2024-07-12,186.77999877929688,168.67999267578125,,0.020791906342373,False,False,True,GOOG,165.24424971215052,
2024-07-15,188.19000244140625,171.1300048828125,,0.04097865132044181,False,False,True,GOOG,164.39338565276108,
2024-07-16,185.5,171.86000061035156,,0.038340790579623356,False,False,True,GOOG,165.51406067213804,
2024-07-17,182.6199951171875,173.14999389648438,,-0.015863846567490743,False,False,True,GOOG,175.94109645557165,
2024-07-18,179.22000122070312,172.4499969482422,,0.03954790027225437,False,False,True,GOOG,165.88941875894133,
2024-07-19,179.38999938964844,168.39999389648438,,-0.008238558572015638,False,False,True,GOOG,169.79889201380345,
2024-07-23,183.60000610351562,160.5399932861328,,-0.07160162619633974,False,False,True,GOOG,172.92145033429816,
2024-07-24,174.3699951171875,160.75,,-0.046610765361572305,False,False,True,GOOG,168.6089942697584,
2024-07-25,169.16000366210938,163.83999633789062,,-0.016285132352317266,False,False,True,GOOG,166.55232296089468,
2024-07-29,171.1300048828125,163.9499969482422,,-0.06715537674778416,True,False,False,GOOG,175.75273830346617,
2024-07-30,171.86000061035156,165.92999267578125,,-0.04679162302014719,True,False,False,GOOG,174.07525645285887,
2024-07-31,173.14999389648438,162.02999877929688,,-0.00719728298153128,False,False,True,GOOG,163.20462867577214,
2024-08-01,172.4499969482422,163.1699981689453,,-0.010022272370444285,False,False,True,GOOG,164.82188802332595,
2024-08-02,168.39999389648438,164.74000549316406,,-0.018299259888835174,False,False,True,GOOG,167.81081928746372,
2024-08-05,160.63999938964844,168.39999389648438,,0.018421731371716397,True,True,True,GOOG,165.3538889725632,
2024-08-06,160.5399932861328,168.9600067138672,,0.020572551181261816,True,True,True,GOOG,165.55413578221794,
2024-08-09,165.38999938964844,167.42999267578125,,0.036639744000281034,False,True,False,GOOG,161.51222606002636,
2024-08-12,163.9499969482422,167.92999267578125,,-0.015213340497706373,True,True,True,GOOG,170.52423594025151,
2024-08-14,162.02999877929688,164.5,,-0.0009431746276127424,True,True,True,GOOG,164.65529870003587,
2024-08-15,163.1699981689453,163.39999389648438,,-0.01772907726036019,True,True,True,GOOG,166.34921192693707,
2024-08-16,164.74000549316406,165.11000061035156,,0.024014995197578926,False,True,False,GOOG,161.23787384431256,
2024-08-19,168.39999389648438,158.61000061035156,,-0.040133708639273444,False,False,True,GOOG,165.24176548121375,
2024-08-20,168.9600067138672,157.80999755859375,,-0.07534146539571779,True,False,False,GOOG,170.66840531151348,
2024-08-22,165.49000549316406,152.1300048828125,,-0.09213564049515359,True,False,False,GOOG,167.56909034933912,
2024-07-02,146.77000427246094,147.35000610351562,,-0.050270769404468604,True,True,True,DRI,,155.14949
2024-07-03,145.4199981689453,142.8699951171875,,-0.011213590679704007,False,False,True,DRI,,144.49025
2024-07-05,145.22000122070312,142.86000061035156,,-0.026506042386543045,True,False,False,DRI,,146.74976
2024-07-08,144.7899932861328,143.60000610351562,,0.01226489048444306,False,False,True,DRI,,141.8601
2024-07-10,138.05999755859375,139.42999267578125,,-0.03194624308418312,True,True,True,DRI,,144.03125
2024-07-12,142.27000427246094,142.27000427246094,,-0.10039792103097844,True,False,False,DRI,,158.1477
2024-07-15,143.27000427246094,146.75,,-0.009386175090904558,True,True,True,DRI,,148.14047
2024-07-16,145.32000732421875,148.13999938964844,,0.027321657872417873,False,True,False,DRI,,144.20021
2024-07-17,147.35000610351562,146.2899932861328,,-0.007188085670076468,False,False,True,DRI,,147.34915
2024-07-18,142.8699951171875,145.35000610351562,,-0.0727264214024684,True,True,True,DRI,,156.74986
2024-07-19,142.86000061035156,144.02999877929688,,0.032976814804941315,False,True,False,DRI,,139.43198
2024-07-23,140.1999969482422,143.47000122070312,,-0.012935573035807455,True,True,True,DRI,,145.35019
2024-07-24,139.42999267578125,141.86000061035156,,-0.007071340437141487,True,True,True,DRI,,142.87029
2024-07-25,141.89999389648438,144.49000549316406,,-0.06217795875356476,True,True,True,DRI,,154.06975
2024-07-29,146.75,142.0800018310547,,-0.015049357780813415,False,False,True,DRI,,144.25089
2024-07-30,148.13999938964844,144.1999969482422,,0.009379355484665008,False,False,True,DRI,,142.86006
2024-07-31,146.2899932861328,140.82000732421875,,-0.10551102281132113,True,False,False,DRI,,157.43068
2024-08-01,145.35000610351562,144.25,,-0.09474881483185967,True,False,False,DRI,,159.34804
2024-08-02,144.02999877929688,143.36000061035156,,-0.0016736811592231722,False,False,True,DRI,,143.60034
2024-08-05,141.22000122070312,149.67999267578125,,-0.05415149018395946,True,True,True,DRI,,158.24944
2024-08-06,143.47000122070312,155.14999389648438,,0.036549182237214664,True,True,True,DRI,,149.67934
2024-08-09,143.10000610351562,154.07000732421875,,-0.018408608104687196,True,True,True,DRI,,156.95941
2024-08-12,142.0800018310547,156.1999969482422,,0.06774307510190876,True,True,True,DRI,,146.28987
2024-08-14,140.82000732421875,156.9600067138672,,0.09486657973609394,True,True,True,DRI,,143.35994
2024-08-15,144.25,156.75,,0.10324812044609905,False,True,False,DRI,,142.08046
2024-08-16,143.36000061035156,158.14999389648438,,0.12306042291882295,False,True,False,DRI,,140.82056
2024-08-19,149.67999267578125,158.25,,0.11232220504039017,False,True,False,DRI,,142.26993
2024-08-20,155.14999389648438,159.35000610351562,,0.11067515303053911,False,True,False,DRI,,143.4713
2024-08-22,153.89999389648438,157.42999267578125,,0.007881581583664423,True,True,True,DRI,,156.1989
2024-07-02,118.37999725341797,126.80999755859375,126.05529930114746,0.005987041097283112,True,True,True,PAYX,,
2024-07-03,117.43000030517578,124.23999786376953,125.77750045776367,-0.01222398750490697,True,True,True,PAYX,,
2024-07-05,117.54000091552734,122.68000030517578,126.20159820556641,-0.027904542814540228,True,True,True,PAYX,,
2024-07-08,116.16999816894531,122.9800033569336,125.09999969482422,-0.016946413613607204,True,True,True,PAYX,,
2024-07-10,116.97000122070312,123.23999786376953,127.05759887695312,-0.030046223499632516,True,True,True,PAYX,,
2024-07-12,118.30000305175781,125.75,129.76219787597657,-0.030919620210281315,True,True,True,PAYX,,
2024-07-15,121.62999725341797,126.7699966430664,127.68249870300293,-0.0071466494563132135,True,True,True,PAYX,,
2024-07-16,124.27999877929688,127.91999816894531,126.07620239257812,0.014624455221342616,True,True,True,PAYX,,
2024-07-17,126.80999755859375,128.02000427246094,126.45789863586425,0.012352772372841412,False,True,False,PAYX,,
2024-07-18,124.23999786376953,126.48999786376953,128.021001663208,-0.011959005003461675,True,True,True,PAYX,,
2024-07-19,122.68000030517578,127.27999877929688,124.43179824829102,0.022889651769900193,True,True,True,PAYX,,
2024-07-23,123.70999908447266,125.22000122070312,126.47429817199708,-0.009917405903199299,True,True,True,PAYX,,
2024-07-24,123.23999786376953,123.22000122070312,125.67419830322265,-0.019528249359491597,True,False,False,PAYX,,
2024-07-25,123.9800033569336,124.37000274658203,128.50679924011231,-0.032191265504954054,True,True,True,PAYX,,
2024-07-29,126.7699966430664,123.75,126.68839981079101,-0.023193913690436604,False,False,True,PAYX,,
2024-07-30,127.91999816894531,125.41000366210938,125.26420021057129,0.0011639674487442368,False,False,True,PAYX,,
2024-07-31,128.02000427246094,125.0999984741211,127.97670204162597,-0.022478338022565963,False,False,True,PAYX,,
2024-08-01,126.48999786376953,125.81999969482422,130.41339530944825,-0.03522180834050599,True,False,False,PAYX,,
2024-08-02,127.27999877929688,125.19999694824219,124.97390106201172,0.0018091448239123098,False,False,True,PAYX,,
2024-08-05,124.69999694824219,125.20999908447266,129.8796949005127,-0.03595400974430233,True,True,True,PAYX,,
2024-08-06,125.22000122070312,125.25,126.68239784240723,-0.011306999763211997,True,True,True,PAYX,,
2024-08-09,124.45999908447266,130.0,128.18479789733885,0.01416082197293717,True,True,True,PAYX,,
2024-08-12,123.75,130.19000244140625,127.68700248718261,0.01960262129636017,True,True,True,PAYX,,
2024-08-14,125.0999984741211,129.97999572753906,125.38099807739258,0.03668018057495214,True,True,True,PAYX,,
2024-08-15,125.81999969482422,129.5500030517578,124.46589973449707,0.04084735922132757,False,True,False,PAYX,,
2024-08-16,125.19999694824219,131.1999969482422,125.55789916992188,0.0449362231736982,True,True,True,PAYX,,
2024-08-19,125.20999908447266,131.92999267578125,125.93970008850097,0.04756476776640529,True,True,True,PAYX,,
2024-08-20,125.25,132.0399932861328,125.90920082092285,0.048692172019498554,True,True,True,PAYX,,
2024-08-22,127.88999938964844,129.3800048828125,128.4940015411377,0.006895289515839008,True,True,True,PAYX,,
2024-07-02,76.83000183105469,75.0999984741211,85.85230087280273,-0.12524186643072105,True,False,False,SBUX,,
2024-07-03,76.26000213623047,74.19000244140625,77.8893995666504,-0.0474955147404693,True,False,False,SBUX,,
2024-07-05,76.05000305175781,79.2699966430664,75.72959815979004,0.04675052514878125,False,True,False,SBUX,,
2024-07-08,74.56999969482422,76.55000305175781,76.35649993896484,0.002534206163818971,True,True,True,SBUX,,
2024-07-10,72.51000213623047,74.68000030517578,76.51259796142578,-0.023951580590348208,True,True,True,SBUX,,
2024-07-12,74.83000183105469,74.05000305175781,89.73610008239746,-0.17480252670036206,True,False,False,SBUX,,
2024-07-15,72.75,75.19999694824219,77.45270126342774,-0.029084903153006676,True,True,True,SBUX,,
2024-07-16,75.51000213623047,75.94000244140625,93.05070114135742,-0.18388575787255548,True,True,True,SBUX,,
2024-07-17,75.0999984741211,77.94999694824219,78.22589935302734,-0.0035269956250682517,True,True,True,SBUX,,
2024-07-18,74.19000244140625,75.11000061035156,91.16040061950683,-0.17606767741343982,True,True,True,SBUX,,
2024-07-19,79.2699966430664,75.87999725341797,80.98760040283203,-0.06306648331360432,True,False,False,SBUX,,
2024-07-23,76.26000213623047,75.37000274658203,76.25640029907227,-0.011623910242469459,False,False,True,SBUX,,
2024-07-24,74.68000030517578,75.29000091552734,77.32160163879395,-0.026274684954887276,True,True,True,SBUX,,
2024-07-25,73.31999969482422,75.75,90.20829818725586,-0.16027680909402692,True,True,True,SBUX,,
2024-07-29,75.19999694824219,77.02999877929688,92.35199783325196,-0.1659086908073178,True,True,True,SBUX,,
2024-07-30,75.94000244140625,95.9000015258789,83.33839797973633,0.15073008181891046,True,True,True,SBUX,,
2024-07-31,77.94999694824219,93.9000015258789,89.21510124206543,0.05251241346576559,True,True,True,SBUX,,
2024-08-01,75.11000061035156,94.87999725341797,89.72630165100098,0.05743795863182659,True,True,True,SBUX,,
2024-08-02,75.87999725341797,94.80999755859375,80.76270240783691,0.17393295087899066,True,True,True,SBUX,,
2024-08-05,73.86000061035156,92.30000305175781,92.13360046386718,0.0018061009995575896,True,True,True,SBUX,,
2024-08-06,75.37000274658203,93.01000213623047,89.36820220947266,0.04075051121898698,True,True,True,SBUX,,
2024-08-09,75.08999633789062,94.0199966430664,91.72710098266602,0.0249969271440693,True,True,True,SBUX,,
2024-08-12,77.02999877929688,95.62999725341797,81.11519805908203,0.17894056282478363,True,True,True,SBUX,,
2024-08-14,93.9000015258789,95.30000305175781,91.0492985534668,0.04668574679677381,False,True,False,SBUX,,
2024-08-15,94.87999725341797,94.86000061035156,80.29309913635254,0.181421587044009,False,False,True,SBUX,,
2024-08-16,94.80999755859375,94.56999969482422,87.26370162963867,0.08372665757630429,False,False,True,SBUX,,
2024-08-19,92.30000305175781,93.18000030517578,77.68190254211426,0.19950718579091734,False,True,False,SBUX,,
2024-08-20,93.01000213623047,92.33000183105469,77.45970237731933,0.19197465259160962,False,False,True,SBUX,,
2024-08-22,92.43000030517578,91.1500015258789,93.2688980102539,-0.022718146451586145,True,False,False,SBUX,,
2024-07-02,83.62000274658203,89.91000366210938,72.28870170593262,0.24376287774346067,False,True,False,VAC,,
2024-07-03,83.16999816894531,88.30000305175781,72.49450187683105,0.21802344682332572,False,True,False,VAC,,
2024-07-05,82.12999725341797,88.33999633789062,81.13669799804687,0.08877978174582793,False,True,False,VAC,,
2024-07-08,81.77999877929688,88.12999725341797,76.32599868774415,0.1546523958889151,False,True,False,VAC,,
2024-07-10,85.47000122070312,81.5,75.36090278625488,0.08146262832277044,False,False,True,VAC,,
2024-07-12,87.02999877929688,85.45999908447266,76.69000030517579,0.11435648382315869,False,False,True,VAC,,
2024-07-15,86.76000213623047,85.44999694824219,82.87320205688476,0.031093222264884764,False,False,True,VAC,,
2024-07-16,90.45999908447266,87.2300033569336,74.57399894714355,0.16971068453443602,False,False,True,VAC,,
2024-07-17,89.91000366210938,84.58000183105469,84.7583024597168,-0.0021036361452243064,False,False,True,VAC,,
2024-07-18,88.30000305175781,77.87999725341797,76.82740234375,0.01370077443147606,False,False,True,VAC,,
2024-07-19,88.33999633789062,76.66000366210938,79.33540023803711,-0.033722607661907586,False,False,True,VAC,,
2024-07-23,87.9000015258789,73.70999908447266,78.82939826965332,-0.06494276624652945,False,False,True,VAC,,
2024-07-24,81.5,73.05999755859375,82.64910179138184,-0.11602188075791023,True,False,False,VAC,,
2024-07-25,85.37000274658203,70.91000366210938,76.14429931640625,-0.0687417929022702,False,False,True,VAC,,
2024-07-29,85.44999694824219,68.51000213623047,76.75829956054687,-0.10745805302539507,False,False,True,VAC,,
2024-07-30,87.2300033569336,70.73999786376953,84.12189773559571,-0.1590774843654496,False,False,True,VAC,,
2024-07-31,84.58000183105469,70.02999877929688,74.92699966430663,-0.06535695953327449,False,False,True,VAC,,
2024-08-01,77.87999725341797,71.75,75.21539901733398,-0.046072999181129795,False,False,True,VAC,,
2024-08-02,76.66000366210938,71.19000244140625,84.4099976348877,-0.1566164620767323,True,False,False,VAC,,
2024-08-05,71.98999786376953,72.87999725341797,73.89949851989746,-0.013795780579011553,True,True,True,VAC,,
2024-08-06,73.70999908447266,70.30000305175781,74.20409851074218,-0.05261293563749978,True,False,False,VAC,,
2024-08-09,69.62000274658203,74.02999877929688,75.96999931335449,-0.025536403206424557,True,True,True,VAC,,
2024-08-12,68.51000213623047,73.20999908447266,81.56040092468261,-0.10238304061208794,True,True,True,VAC,,
2024-08-14,70.02999877929688,73.0999984741211,74.11120147705078,-0.013644401693350211,True,True,True,VAC,,
2024-08-15,71.75,73.4800033569336,70.47420135498047,0.04265109705625215,False,True,False,VAC,,
2024-08-16,71.19000244140625,74.0,73.13849937438965,0.011779030647052243,True,True,True,VAC,,
2024-08-19,72.87999725341797,73.23999786376953,80.14319938659668,-0.08613583654836786,True,True,True,VAC,,
2024-08-20,70.30000305175781,72.41999816894531,73.50159950256348,-0.014715344168536692,True,True,True,VAC,,
2024-08-22,72.20999908447266,71.68000030517578,74.33049934387208,-0.03565829722782304,True,False,False,VAC,,
2024-07-02,50.43000030517578,54.79999923706055,,0.05303601567954787,True,True,True,KR,,52.040005
2024-07-03,50.75,54.810001373291016,,0.009027239518274745,True,True,True,KR,,54.319645
2024-07-05,51.84000015258789,54.5099983215332,,0.005722626594673301,True,True,True,KR,,54.199833
2024-07-08,51.939998626708984,54.86000061035156,,0.01780505251336534,True,True,True,KR,,53.900303
2024-07-10,52.9900016784668,54.18000030517578,,-0.0027507806236127873,True,True,True,KR,,54.32945
2024-07-12,52.4900016784668,54.27000045776367,,0.019907127980877022,True,True,True,KR,,53.210728
2024-07-15,52.119998931884766,54.20000076293945,,-0.009134133950886037,True,True,True,KR,,54.699635
2024-07-16,53.599998474121094,54.70000076293945,,0.03972274692358153,False,True,False,KR,,52.61018
2024-07-17,54.79999923706055,54.5,,-0.0054542230845531624,False,False,True,KR,,54.798885
2024-07-18,54.810001373291016,55.09000015258789,,0.04932289070957531,False,True,False,KR,,52.500523
2024-07-19,54.5099983215332,54.33000183105469,,0.002778391309952958,False,False,True,KR,,54.17947
2024-07-23,53.84000015258789,54.130001068115234,,-0.017407370655661888,True,True,True,KR,,55.088955
2024-07-24,54.18000030517578,53.900001525878906,,-0.0166112933688385,True,False,False,KR,,54.810474
2024-07-25,53.310001373291016,54.31999969482422,,0.04557992256797587,False,True,False,KR,,51.95203
2024-07-29,54.20000076293945,53.2400016784668,,0.006638679130628897,False,False,True,KR,,52.88889
2024-07-30,54.70000076293945,52.61000061035156,,-0.03486000133384382,False,False,True,KR,,54.510227
2024-07-31,54.5,52.70000076293945,,0.008203712338197406,False,False,True,KR,,52.271183
2024-08-01,55.09000015258789,52.88999938964844,,-0.008808260448272614,False,False,True,KR,,53.36001
2024-08-02,54.33000183105469,53.189998626708984,,-0.03042888837370432,True,False,False,KR,,54.859306
2024-08-05,53.900001525878906,52.7599983215332,,-0.017502257922762207,False,False,True,KR,,53.699867
2024-08-06,54.130001068115234,52.040000915527344,,-0.013660417138134802,False,False,True,KR,,52.760735
2024-08-09,53.91999816894531,51.95000076293945,,-0.0246017939719814,False,False,True,KR,,53.2603
2024-08-12,53.2400016784668,52.77000045776367,,-0.03172677739368067,True,False,False,KR,,54.49908
2024-08-14,52.70000076293945,53.2599983215332,,0.0013096398558528372,True,True,True,KR,,53.19034
2024-08-15,52.88999938964844,52.5,,-0.013893490500172537,True,False,False,KR,,53.239685
2024-08-16,53.189998626708984,53.209999084472656,,0.00964705773352701,False,True,False,KR,,52.701584
2024-08-19,52.7599983215332,53.70000076293945,,-0.010483907247713387,True,True,True,KR,,54.26895
2024-08-20,52.040000915527344,53.36000061035156,,-0.01422411891548898,True,True,True,KR,,54.12995
2024-08-22,52.220001220703125,52.27000045776367,,-0.009474292809365903,True,True,True,KR,,52.76996
2024-07-02,267.54998779296875,295.1000061035156,,-0.020995959898913598,True,True,True,CMI,301.42879295272905,
2024-07-03,272.0799865722656,298.2300109863281,,-0.010905706475884028,True,True,True,CMI,301.5182808544398,
2024-07-05,266.6300048828125,291.1499938964844,,-0.028132173582743357,True,True,True,CMI,299.57776765776333,
2024-07-08,269.6199951171875,292.25,,-0.012393508539823876,True,True,True,CMI,295.91745551197056,
2024-07-10,274.0899963378906,281.57000732421875,,-0.040656830662292726,True,True,True,CMI,293.50290524151393,
2024-07-12,284.8599853515625,290.3800048828125,,-0.012654747765380328,True,True,True,CMI,294.1017888379033,
2024-07-15,288.92999267578125,291.20001220703125,,0.0030314038761497493,True,True,True,CMI,290.3199352300513,
2024-07-16,299.42999267578125,289.0400085449219,,-0.02275727954467123,False,False,True,CMI,295.77095075238714,
2024-07-17,295.1000061035156,291.79998779296875,,-0.008377893584421663,False,False,True,CMI,294.2653112562604,
2024-07-18,298.2300109863281,306.0899963378906,,0.02326504030952564,True,True,True,CMI,299.13070835030385,
2024-07-19,291.1499938964844,290.3599853515625,,-0.013249523379433123,True,False,False,CMI,294.25877385536245,
2024-07-23,283.6499938964844,292.30999755859375,,-0.014804495791199124,True,True,True,CMI,296.7025288989159,
2024-07-24,281.57000732421875,291.989990234375,,-0.036027583472727005,True,True,True,CMI,302.9028478701433,
2024-07-25,283.1700134277344,297.239990234375,,-0.01567435908746472,True,True,True,CMI,301.97322702963805,
2024-07-29,291.20001220703125,290.94000244140625,,-0.023048101666656034,True,False,False,CMI,297.80381504733526,
2024-07-30,289.0400085449219,291.739990234375,,-0.00766789099338887,True,True,True,CMI,293.9943065295203,
2024-07-31,291.79998779296875,291.989990234375,,-0.006317727795040724,True,True,True,CMI,293.8464320053286,
2024-08-01,306.0899963378906,299.79998779296875,,0.014540786062896405,False,False,True,CMI,295.503139855417,
2024-08-02,290.3599853515625,301.6499938964844,,0.009708063140143098,True,True,True,CMI,298.7497128213154,
2024-08-05,282.6499938964844,301.32000732421875,,-0.0082367393143621,True,True,True,CMI,303.8225141712817,
2024-08-06,292.30999755859375,300.30999755859375,,-0.00748437829007286,True,True,True,CMI,302.5745801776029,
2024-08-09,293.9700012207031,309.30999755859375,,0.03514946651530623,True,True,True,CMI,298.8070878303642,
2024-08-12,290.94000244140625,310.1499938964844,,0.04196458509493509,True,True,True,CMI,297.658863202367,
2024-08-14,291.989990234375,306.07000732421875,,0.040373004083752016,True,True,True,CMI,294.1925695138275,
2024-08-15,299.79998779296875,309.30999755859375,,0.059857192287146095,False,True,False,CMI,291.84120257853823,
2024-08-16,301.6499938964844,312.8500061035156,,0.06686783442785241,False,True,False,CMI,293.24157689250524,
2024-08-19,301.32000732421875,304.32000732421875,,0.029061855263241534,False,True,False,CMI,295.7256706851421,
2024-08-20,300.30999755859375,301.7300109863281,,0.005462493214796966,False,True,False,CMI,300.09076720663865,
2024-08-22,305.8299865722656,293.2099914550781,,-0.0360846727400326,False,False,True,CMI,304.1864603279615,
2024-07-02,444.6499938964844,451.1600036621094,,-0.02844787796202036,True,True,True,MA,464.37035484594696,
2024-07-03,448.17999267578125,448.7200012207031,,-0.029113631532941303,True,True,True,MA,462.17561168274636,
2024-07-05,449.489990234375,443.69000244140625,,0.005566191538939813,False,False,True,MA,441.2340094314166,
2024-07-08,446.239990234375,447.94000244140625,,-0.0001671564660642881,True,True,True,MA,448.01489102733456,
2024-07-10,433.6400146484375,432.45001220703125,,-0.08147754472640152,True,False,False,MA,470.81049540396725,
2024-07-12,440.1099853515625,438.17999267578125,,-0.09127568712972334,True,False,False,MA,482.192438861634,
2024-07-15,444.0,441.29998779296875,,-0.04206478824517553,True,False,False,MA,460.6783239385878,
2024-07-16,443.5299987792969,447.45001220703125,,-0.00023506099321015842,True,True,True,MA,447.5552149803809,
2024-07-17,451.1600036621094,463.7099914550781,,0.01996071172013549,True,True,True,MA,454.6351502824497,
2024-07-18,448.7200012207031,462.4100036621094,,-0.013423511105777403,True,True,True,MA,468.70162513236966,
2024-07-19,443.69000244140625,462.0199890136719,,0.043171537453385575,False,True,False,MA,442.8993434210885,
2024-07-23,441.7200012207031,448.29998779296875,,-0.04197207471141873,True,True,True,MA,467.9404179767828,
2024-07-24,432.45001220703125,449.8399963378906,,0.009475346338329567,True,True,True,MA,445.6176151003543,
2024-07-25,429.6000061035156,455.5799865722656,,-0.023995033386695612,True,True,True,MA,466.78039780177426,
2024-07-29,441.29998779296875,455.69000244140625,,-0.022742104199446462,True,True,True,MA,466.2945210262154,
2024-07-30,447.45001220703125,459.3599853515625,,0.030577835381095514,False,True,False,MA,445.73051115707005,
2024-07-31,463.7099914550781,460.1600036621094,,-0.0468627012470746,True,False,False,MA,482.78459385041145,
2024-08-01,462.4100036621094,468.7099914550781,,-0.007469033465398725,True,True,True,MA,472.23714650593536,
2024-08-02,462.0199890136719,468.8800048828125,,0.024367663139247576,False,True,False,MA,457.7262849609059,
2024-08-05,442.0,466.9800109863281,,-0.03246435153079141,True,True,True,MA,482.648894358738,
2024-08-06,448.29998779296875,469.1199951171875,,0.025730419576717668,True,True,True,MA,457.3521328447845,
2024-08-09,456.7799987792969,466.44000244140625,,-0.00044902457147936374,True,True,True,MA,466.64953955093415,
2024-08-12,455.69000244140625,468.6400146484375,,0.03403429468243649,False,True,False,MA,453.2151564589665,
2024-08-14,460.1600036621094,471.79998779296875,,0.021008715843159696,True,True,True,MA,462.09202768984335,
2024-08-15,468.7099914550781,480.79998779296875,,0.050341829526071614,False,True,False,MA,457.7557270188051,
2024-08-16,468.8800048828125,483.3399963378906,,0.03374461542975629,False,True,False,MA,467.5622867810081,
2024-08-19,466.9800109863281,482.1199951171875,,0.07376143029206327,False,True,False,MA,449.0010364649164,
2024-08-20,469.1199951171875,483.1400146484375,,0.06440050698348257,False,True,False,MA,453.90810271000265,
2024-08-22,468.82000732421875,476.1199951171875,,0.04530080903650805,False,True,False,MA,455.48610601004384,
2024-07-02,163.89999389648438,169.44000244140625,170.34160202026368,-0.0052928912735608485,True,True,True,PG,,
2024-07-03,163.8300018310547,168.44000244140625,170.42079711914062,-0.011622963342611283,True,True,True,PG,,
2024-07-05,165.2100067138672,167.9600067138672,169.64419555664062,-0.009927771694441041,True,True,True,PG,,
2024-07-08,166.52000427246094,168.25,169.88250061035157,-0.009609586652458871,True,True,True,PG,,
2024-07-10,166.8000030517578,168.0,170.0776008605957,-0.012215605406490986,True,True,True,PG,,
2024-07-12,166.61000061035156,169.11000061035156,169.85239501953126,-0.004370820965429,True,True,True,PG,,
2024-07-15,164.5800018310547,169.92999267578125,162.48339630126952,0.045829891201342066,False,True,False,PG,,
2024-07-16,166.9499969482422,161.6999969482422,167.55559463500975,-0.03494719289751531,True,False,False,PG,,
2024-07-17,169.44000244140625,160.75999450683594,169.1386003112793,-0.049536922908334044,False,False,True,PG,,
2024-07-18,168.44000244140625,165.69000244140625,169.317198638916,-0.02142249119798562,True,False,False,PG,,
2024-07-19,167.9600067138672,170.0800018310547,168.2824998474121,0.010681455203437294,True,True,True,PG,,
2024-07-23,166.6199951171875,168.08999633789062,166.86710144042968,0.007328555999982484,True,True,True,PG,,
2024-07-24,168.0,170.02000427246094,168.56070144653322,0.00865743209066205,True,True,True,PG,,
2024-07-25,166.89999389648438,170.8699951171875,168.86969909667968,0.011845203912885684,True,True,True,PG,,
2024-07-29,169.92999267578125,166.80999755859375,168.62749893188476,-0.01077820275342617,False,False,True,PG,,
2024-07-30,161.6999969482422,167.2899932861328,168.58970428466796,-0.0077093141841007825,True,True,True,PG,,
2024-07-31,160.75999450683594,168.8000030517578,173.97869720458985,-0.029766254352061067,True,True,True,PG,,
2024-08-01,165.69000244140625,167.9199981689453,174.15449569702147,-0.0357986597080008,True,True,True,PG,,
2024-08-02,170.0800018310547,167.88999938964844,168.69969940185547,-0.004799652963685871,False,False,True,PG,,
2024-08-05,168.05999755859375,168.4199981689453,172.7844024658203,-0.025259249299069964,True,True,True,PG,,
2024-08-06,168.08999633789062,170.41000366210938,169.1594987487793,0.007392460503723855,True,True,True,PG,,
2024-08-09,170.5399932861328,169.1699981689453,169.04259841918946,0.0007536547056614005,False,False,True,PG,,
2024-08-12,166.80999755859375,170.35000610351562,162.99849517822267,0.04510171040079118,False,True,False,PG,,
2024-08-14,168.8000030517578,169.05999755859375,168.1410986328125,0.005465046518983205,False,True,False,PG,,
2024-08-15,167.9199981689453,170.02999877929688,167.25379821777344,0.01659872954220553,False,True,False,PG,,
2024-08-16,167.88999938964844,171.5399932861328,169.132501373291,0.014234354090987217,True,True,True,PG,,
2024-08-19,168.4199981689453,174.52000427246094,169.15889999389648,0.03169271187479873,True,True,True,PG,,
2024-08-20,170.41000366210938,175.89999389648438,168.8679977416992,0.041641970348587395,False,True,False,PG,,
2024-08-22,170.14999389648438,175.58999633789062,171.9958024597168,0.020896986012293083,True,True,True,PG,,
2024-07-02,21.1200008392334,20.809999465942383,18.89420026779175,0.1013961517819003,False,False,True,HPE,,
2024-07-03,20.670000076293945,20.670000076293945,17.95819984436035,0.15100623979219258,False,False,True,HPE,,
2024-07-05,20.549999237060547,20.479999542236328,18.897099914550783,0.08376415613205875,False,False,True,HPE,,
2024-07-08,20.889999389648438,20.59000015258789,17.368599643707274,0.18547266762797113,False,False,True,HPE,,
2024-07-10,21.350000381469727,20.049999237060547,18.12840055465698,0.1059993503900116,False,False,True,HPE,,
2024-07-12,21.170000076293945,19.760000228881836,18.997000579833983,0.04016421675839737,False,False,True,HPE,,
2024-07-15,21.440000534057617,19.40999984741211,18.88020015716553,0.028061126780242723,False,False,True,HPE,,
2024-07-16,21.43000030517578,19.010000228881836,18.192399425506594,0.04494188942602744,False,False,True,HPE,,
2024-07-17,20.809999465942383,19.90999984741211,20.4491996383667,-0.026367769912273065,False,False,True,HPE,,
2024-07-18,20.670000076293945,19.079999923706055,18.386600341796875,0.03771222352252508,False,False,True,HPE,,
2024-07-19,20.479999542236328,18.030000686645508,19.691999473571776,-0.08439969690009401,False,False,True,HPE,,
2024-07-23,20.540000915527344,17.25,18.942699966430663,-0.08935895988588659,False,False,True,HPE,,
2024-07-24,20.049999237060547,16.719999313354492,20.16989995956421,-0.17104203060629633,True,False,False,HPE,,
2024-07-25,19.450000762939453,17.309999465942383,18.972699489593506,-0.08763644965562814,False,False,True,HPE,,
2024-07-29,19.40999984741211,17.190000534057617,19.090900077819825,-0.09957097549165371,False,False,True,HPE,,
2024-07-30,19.010000228881836,17.799999237060547,19.819199829101564,-0.10188103502928102,True,False,False,HPE,,
2024-07-31,19.90999984741211,17.780000686645508,17.999300403594972,-0.012183791149219567,False,False,True,HPE,,
2024-08-01,19.079999923706055,18.760000228881836,18.98890026092529,-0.01205441225653694,False,False,True,HPE,,
2024-08-02,18.030000686645508,18.670000076293945,20.178000068664552,-0.07473485911581779,True,True,True,HPE,,
2024-08-05,17.350000381469727,18.8799991607666,19.05139965057373,-0.008996740027023078,True,True,True,HPE,,
2024-08-06,17.25,18.770000457763672,18.93689947128296,-0.008813428712149178,True,True,True,HPE,,
2024-08-09,17.34000015258789,19.209999084472656,18.887999877929687,0.01704781917746728,True,True,True,HPE,,
2024-08-12,17.190000534057617,19.18000030517578,19.89339988708496,-0.03586111906252521,True,True,True,HPE,,
2024-08-14,17.780000686645508,19.0,18.782899932861326,0.011558389168588902,True,True,True,HPE,,
2024-08-15,18.760000228881836,18.68000030517578,17.832700366973878,0.04751383249679342,False,False,True,HPE,,
2024-08-16,18.670000076293945,19.3700008392334,18.27610038757324,0.05985414987126854,False,True,False,HPE,,
2024-08-19,18.8799991607666,19.059999465942383,19.77760005950928,-0.036283502113891024,True,True,True,HPE,,
2024-08-20,18.770000457763672,18.770000457763672,17.568800048828123,0.06837122658332441,False,False,True,HPE,,
2024-08-22,18.770000457763672,17.530000686645508,19.27160015106201,-0.09037129510600225,True,False,False,HPE,,
2024-07-02,327.760009765625,357.79998779296875,340.33789123535155,0.05130811763049256,True,True,True,CAT,,
2024-07-03,330.6099853515625,356.0299987792969,337.4100997924805,0.055184770693788694,True,True,True,CAT,,
2024-07-05,328.3500061035156,347.6300048828125,339.841897277832,0.022916855359401023,True,True,True,CAT,,
2024-07-08,329.05999755859375,347.8699951171875,329.7855920410156,0.054836850100845914,True,True,True,CAT,,
2024-07-10,328.4800109863281,336.0400085449219,326.2738946533203,0.029932256461947266,False,True,False,CAT,,
2024-07-12,335.5899963378906,350.4800109863281,349.06690185546876,0.004048247265346476,True,True,True,CAT,,
2024-07-15,345.7699890136719,344.5299987792969,340.5508984375,0.011684304343502264,False,False,True,CAT,,
2024-07-16,360.5799865722656,341.7200012207031,339.3856900024414,0.006878048447608248,False,False,True,CAT,,
2024-07-17,357.79998779296875,346.20001220703125,351.75279205322266,-0.01578602919902691,False,False,True,CAT,,
2024-07-18,356.0299987792969,331.5199890136719,347.28710998535155,-0.045400824039638916,False,False,True,CAT,,
2024-07-19,347.6300048828125,320.8699951171875,337.0542041015625,-0.04801663586281308,False,False,True,CAT,,
2024-07-23,344.1700134277344,326.44000244140625,336.73519409179687,-0.030573554030066914,False,False,True,CAT,,
2024-07-24,336.0400085449219,325.79998779296875,351.29859954833984,-0.07258386964295994,True,False,False,CAT,,
2024-07-25,344.29998779296875,336.1600036621094,344.4439022827148,-0.024050066108605783,True,False,False,CAT,,
2024-07-29,344.5299987792969,336.0299987792969,346.01410919189453,-0.028854633806451552,True,False,False,CAT,,
2024-07-30,341.7200012207031,338.79998779296875,347.22740295410154,-0.02427059353448198,True,False,False,CAT,,
2024-07-31,346.20001220703125,337.5899963378906,337.11659271240234,0.001404272692955679,False,False,True,CAT,,
2024-08-01,331.5199890136719,345.6400146484375,338.7413000488281,0.02036573219331377,True,True,True,CAT,,
2024-08-02,320.8699951171875,343.4800109863281,347.77139739990236,-0.012339676136849071,True,True,True,CAT,,
2024-08-05,316.79998779296875,344.6499938964844,341.07289459228514,0.010487785341239921,True,True,True,CAT,,
2024-08-06,326.44000244140625,343.29998779296875,343.7161975097656,-0.0012109109777552207,True,True,True,CAT,,
2024-08-09,338.260009765625,348.4100036621094,345.7998068237305,0.007548288885278153,True,True,True,CAT,,
2024-08-12,336.0299987792969,351.1600036621094,344.5772079467773,0.01910397891536929,True,True,True,CAT,,
2024-08-14,337.5899963378906,348.20001220703125,341.99090576171875,0.018155764789952275,True,True,True,CAT,,
2024-08-15,345.6400146484375,351.6400146484375,337.55789947509766,0.04171762887266903,False,True,False,CAT,,
2024-08-16,343.4800109863281,356.1000061035156,338.41349822998046,0.05226300950181276,False,True,False,CAT,,
2024-08-19,344.6499938964844,340.239990234375,349.1666070556641,-0.025565494067609988,True,False,False,CAT,,
2024-08-20,343.29998779296875,336.75,331.7405029296875,0.015100649532005567,False,False,True,CAT,,
2024-08-22,342.3599853515625,329.3599853515625,348.4981033325195,-0.05491598891916029,True,False,False,CAT,,
2024-07-02,200.0,187.92999267578125,,0.09094118187035007,False,False,True,AMZN,172.26409250917368,
2024-07-03,197.58999633789062,183.75,,0.040859505668060105,False,False,True,AMZN,176.53679387023786,
2024-07-05,200.0,183.1300048828125,,0.051270063688088716,False,False,True,AMZN,174.1988202730246,
2024-07-08,199.2899932861328,182.5500030517578,,0.09559927428044779,False,False,True,AMZN,166.62114272725347,
2024-07-10,199.7899932861328,180.8300018310547,,0.023538275846617062,False,False,True,AMZN,176.67146026510989,
2024-07-12,194.49000549316406,182.5,,0.06383590809236855,False,False,True,AMZN,171.54901297442788,
2024-07-15,192.72000122070312,183.1999969482422,,0.03279584025066497,False,False,True,AMZN,177.38258599470984,
2024-07-16,193.02000427246094,181.7100067138672,,0.05018944165289432,False,False,True,AMZN,173.02593180509757,
2024-07-17,187.92999267578125,186.97999572753906,,0.033911979298120225,False,False,True,AMZN,180.84711220240624,
2024-07-18,183.75,184.07000732421875,,0.02898667113485195,False,True,False,AMZN,178.88473435832853,
2024-07-19,183.1300048828125,167.89999389648438,,-0.07800518343741895,False,False,True,AMZN,182.1051386410783,
2024-07-23,186.41000366210938,161.92999267578125,,-0.12758951368686333,False,False,True,AMZN,185.61215759809113,
2024-07-24,180.8300018310547,162.77000427246094,,-0.09820564032246078,False,False,True,AMZN,180.49570007364397,
2024-07-25,179.85000610351562,165.8000030517578,,-0.05725834600553366,False,False,True,AMZN,175.87003008645146,
2024-07-29,183.1999969482422,166.8000030517578,,-0.05780758992306637,False,False,True,AMZN,177.03390652248828,
2024-07-30,181.7100067138672,170.22999572753906,,-0.06419917903222355,True,False,False,AMZN,181.9083633112145,
2024-07-31,186.97999572753906,170.10000610351562,,-0.035227586653984455,False,False,True,AMZN,176.31101775969756,
2024-08-01,184.07000732421875,177.58999633789062,,0.01714033245668527,False,False,True,AMZN,174.59733988618848,
2024-08-02,167.89999389648438,177.05999755859375,,-0.00025522921497402,True,True,True,AMZN,177.1051999797524,
2024-08-05,161.02000427246094,178.22000122070312,,0.005030897967589049,True,True,True,AMZN,177.32788273585047,
2024-08-06,161.92999267578125,178.8800048828125,,0.027257922939925967,True,True,True,AMZN,174.1334876939892,
2024-08-09,166.94000244140625,177.0399932861328,,0.005063899641396255,True,True,True,AMZN,176.1479975047359,
2024-08-12,166.8000030517578,175.5,,-0.030206116058214872,True,True,True,AMZN,180.96628871969142,
2024-08-14,170.10000610351562,170.8000030517578,,-0.016869855327115376,True,True,True,AMZN,173.73081679698453,
2024-08-15,177.58999633789062,172.1199951171875,,-0.008966816625488724,False,False,True,AMZN,173.6773278681864,
2024-08-16,177.05999755859375,178.5,,0.0194140653223523,False,True,False,AMZN,175.10058578950049,
2024-08-19,178.22000122070312,176.25,,0.021332176777437928,False,False,True,AMZN,172.56873327550832,
2024-08-20,178.8800048828125,173.3300018310547,,-0.003174882483086796,False,False,True,AMZN,173.8820569277176,
2024-08-22,176.1300048828125,171.38999938964844,,-0.005306212109823158,False,False,True,AMZN,172.30428245981108,
2024-07-02,63.150001525878906,65.20999908447266,68.81839889526367,-0.0524336495576237,True,True,True,KO,,
2024-07-03,63.33000183105469,65.19000244140625,68.39840164184571,-0.04690751718497148,True,True,True,KO,,
2024-07-05,63.7599983215332,65.29000091552734,67.36130149841308,-0.030749117621109753,True,True,True,KO,,
2024-07-08,62.959999084472656,64.7699966430664,68.44869987487793,-0.05374394602872047,True,True,True,KO,,
2024-07-10,62.83000183105469,65.80999755859375,69.19730148315429,-0.04895138758243574,True,True,True,KO,,
2024-07-12,63.70000076293945,67.05000305175781,70.99150085449219,-0.055520699735776405,True,True,True,KO,,
2024-07-15,63.40999984741211,66.83000183105469,68.69720039367675,-0.0271801260010871,True,True,True,KO,,
2024-07-16,64.2699966430664,67.68000030517578,68.34489936828614,-0.009728583541069421,True,True,True,KO,,
2024-07-17,65.20999908447266,66.73999786376953,66.4570994567871,0.004256857571197145,True,True,True,KO,,
2024-07-18,65.19000244140625,67.95999908447266,69.80650161743164,-0.026451727133936224,True,True,True,KO,,
2024-07-19,65.29000091552734,69.33000183105469,66.68219863891602,0.03970779677611586,True,True,True,KO,,
2024-07-23,64.95999908447266,68.05000305175781,67.80779968261719,0.003571910167772564,True,True,True,KO,,
2024-07-24,65.80999755859375,68.45999908447266,66.28570121765136,0.03280191394041243,True,True,True,KO,,
2024-07-25,66.06999969482422,68.7300033569336,68.58180084228516,0.0021609598002427385,True,True,True,KO,,
2024-07-29,66.83000183105469,68.16999816894531,68.71100135803222,-0.007873603620880213,True,True,True,KO,,
2024-07-30,67.68000030517578,68.45999908447266,67.12920059204102,0.01982443527845947,False,True,False,KO,,
2024-07-31,66.73999786376953,68.58000183105469,71.1408994293213,-0.035997543168692525,True,True,True,KO,,
2024-08-01,67.95999908447266,68.6500015258789,71.60059852600098,-0.04120911082957771,True,True,True,KO,,
2024-08-02,69.33000183105469,69.18000030517578,66.71469787597657,0.036952913041474605,False,False,True,KO,,
2024-08-05,68.0999984741211,68.9800033569336,71.59670135498047,-0.03654774519671148,True,True,True,KO,,
2024-08-06,68.05000305175781,69.37999725341797,69.68860198974609,-0.004428338745746813,True,True,True,KO,,
2024-08-09,68.68000030517578,69.79000091552734,69.79109962463379,-1.5742825551580818e-05,True,True,True,KO,,
2024-08-12,68.16999816894531,70.83999633789062,67.93839897155762,0.04270923969738762,False,True,False,KO,,
2024-08-14,68.58000183105469,71.75,68.55579986572266,0.04659270463671465,False,True,False,KO,,
2024-08-15,68.6500015258789,72.05000305175781,68.18589897155762,0.056670134712340246,False,True,False,KO,,
2024-08-16,69.18000030517578,72.47000122070312,68.47470138549805,0.05834709395390252,False,True,False,KO,,
2024-08-19,68.9800033569336,73.01000213623047,67.88640197753907,0.07547314350798265,False,True,False,KO,,
2024-08-20,69.37999725341797,72.55999755859375,68.20380210876465,0.06387027284611309,False,True,False,KO,,
2024-08-22,69.33000183105469,71.13999938964844,69.79019828796386,0.019340840616544938,True,True,True,KO,,
2024-07-02,47.279998779296875,48.52000045776367,,-0.03422872554483592,True,True,True,CSCO,,50.23964
2024-07-03,47.09000015258789,48.040000915527344,,0.04821241857320766,False,True,False,CSCO,,45.830406
2024-07-05,46.650001525878906,47.31999969482422,,-0.013957598914615647,True,True,True,CSCO,,47.989822
2024-07-08,46.060001373291016,46.81999969482422,,0.03764653008110726,False,True,False,CSCO,,45.121338
2024-07-10,46.27000045776367,46.849998474121094,,0.0040764957343219,True,True,True,CSCO,,46.65979
2024-07-12,47.380001068115234,47.880001068115234,,-0.05260440183696449,True,True,True,CSCO,,50.53855
2024-07-15,47.400001525878906,47.9900016784668,,-0.003112072651638361,True,True,True,CSCO,,48.139816
2024-07-16,47.41999816894531,48.13999938964844,,0.06102725393668348,False,True,False,CSCO,,45.371124
2024-07-17,48.52000045776367,48.45000076293945,,-0.0014371236582049942,False,False,True,CSCO,,48.51973
2024-07-18,48.040000915527344,47.38999938964844,,-0.05952067138528783,True,False,False,CSCO,,50.3892
2024-07-19,47.31999969482422,46.65999984741211,,-0.0040669822176089936,False,False,True,CSCO,,46.85054
2024-07-23,46.36000061035156,45.15999984741211,,-0.0470572524417581,True,False,False,CSCO,,47.390045
2024-07-24,46.849998474121094,45.119998931884766,,-0.06078227375118633,True,False,False,CSCO,,48.039978
2024-07-25,47.2400016784668,45.83000183105469,,-0.09676300845733546,True,False,False,CSCO,,50.73973
2024-07-29,47.9900016784668,44.86000061035156,,-0.07562576040243102,True,False,False,CSCO,,48.53013
2024-07-30,48.13999938964844,45.369998931884766,,-0.041226739205825834,False,False,True,CSCO,,47.320885
2024-07-31,48.45000076293945,45.439998626708984,,-0.06309620159776247,True,False,False,CSCO,,48.500175
2024-08-01,47.38999938964844,48.529998779296875,,-0.023543760299464485,True,True,True,CSCO,,49.700127
2024-08-02,46.65999984741211,49.459999084472656,,0.05638081078447444,True,True,True,CSCO,,46.820236
2024-08-05,44.7400016784668,49.97999954223633,,-0.0015901302951255004,True,True,True,CSCO,,50.0596
2024-08-06,45.15999984741211,50.2400016784668,,0.005212481134303305,True,True,True,CSCO,,49.979485
2024-08-09,45.470001220703125,50.7400016784668,,0.017858610476090338,True,True,True,CSCO,,49.849754
2024-08-12,44.86000061035156,50.790000915527344,,0.048294492284411114,True,True,True,CSCO,,48.450127
2024-08-14,45.439998626708984,49.849998474121094,,0.007890744487130145,True,True,True,CSCO,,49.459724
2024-08-15,48.529998779296875,50.38999938964844,,0.12324161814242768,False,True,False,CSCO,,44.86123
2024-08-16,49.459999084472656,50.540000915527344,,0.11223363494900204,False,True,False,CSCO,,45.440094
2024-08-19,49.97999954223633,50.060001373291016,,0.04553724556371279,False,True,False,CSCO,,47.879692
2024-08-20,50.2400016784668,49.70000076293945,,0.10052895438169693,False,False,True,CSCO,,45.160103
2024-08-22,50.220001220703125,48.5,,-0.0450698457854209,True,False,False,CSCO,,50.789055
2024-07-02,66.31999969482422,69.8499984741211,69.32570175170899,0.007562804402469368,True,True,True,JCI,,
2024-07-03,66.86000061035156,69.54000091552734,68.17649887084961,0.019999590287859827,True,True,True,JCI,,
2024-07-05,66.79000091552734,68.94999694824219,68.53250160217286,0.006091932095122782,True,True,True,JCI,,
2024-07-08,67.2300033569336,70.19999694824219,67.93820121765137,0.0332919578389304,True,True,True,JCI,,
2024-07-10,67.80000305175781,67.54000091552734,67.71119842529296,-0.002528348541260937,False,False,True,JCI,,
2024-07-12,69.9800033569336,68.7699966430664,71.03499893188477,-0.03188572285318493,True,False,False,JCI,,
2024-07-15,70.01000213623047,69.30000305175781,68.96809898376465,0.004812428831354278,False,False,True,JCI,,
2024-07-16,72.18000030517578,69.02999877929688,68.40509956359864,0.00913527236543592,False,False,True,JCI,,
2024-07-17,69.8499984741211,71.54000091552734,69.65709869384766,0.02703101703898543,False,True,False,JCI,,
2024-07-18,69.54000091552734,70.33000183105469,70.64680107116699,-0.004484268718595922,True,True,True,JCI,,
2024-07-19,68.94999694824219,67.41999816894531,68.46560081481934,-0.015271941433802576,False,False,True,JCI,,
2024-07-23,69.12000274658203,66.69999694824219,69.89940124511719,-0.04577155511898603,True,False,False,JCI,,
2024-07-24,67.54000091552734,65.76000213623047,69.60260055541993,-0.055207684605546474,True,False,False,JCI,,
2024-07-25,66.72000122070312,67.7699966430664,70.52229919433594,-0.03902740810654951,True,True,True,JCI,,
2024-07-29,69.30000305175781,66.55999755859375,69.99780090332031,-0.049113019271488145,True,False,False,JCI,,
2024-07-30,69.02999877929688,67.81999969482422,69.31409790039062,-0.021555473573551077,True,False,False,JCI,,
2024-07-31,71.54000091552734,68.5,68.5590975189209,-0.0008619938280923787,False,False,True,JCI,,
2024-08-01,70.33000183105469,69.76000213623047,69.81890045166016,-0.0008435869807268849,False,False,True,JCI,,
2024-08-02,67.41999816894531,69.37999725341797,69.5116973876953,-0.0018946470770637679,True,True,True,JCI,,
2024-08-05,65.70999908447266,70.52999877929688,70.03280105590821,0.007099497890877533,True,True,True,JCI,,
2024-08-06,66.69999694824219,70.30000305175781,70.30379913330079,-5.399539697385486e-05,True,True,True,JCI,,
2024-08-09,67.6500015258789,71.23999786376953,70.09319984436036,0.016361045321880045,True,True,True,JCI,,
2024-08-12,66.55999755859375,71.44999694824219,70.68010040283202,0.01089269173391432,True,True,True,JCI,,
2024-08-14,68.5,70.79000091552734,69.46899787902832,0.019015720347648965,True,True,True,JCI,,
2024-08-15,69.76000213623047,71.08000183105469,67.31109786987305,0.05599231152740584,False,True,False,JCI,,
2024-08-16,69.37999725341797,72.8499984741211,68.6437996673584,0.06127572813780059,False,True,False,JCI,,
2024-08-19,70.52999877929688,70.76000213623047,68.56709754943847,0.031981878556414926,False,True,False,JCI,,
2024-08-20,70.30000305175781,70.04000091552734,67.1917975616455,0.042389152504347605,False,False,True,JCI,,
2024-08-22,70.5999984741211,67.83999633789062,70.82249809265137,-0.04211234897220062,True,False,False,JCI,,
2024-07-02,10.199999809265137,11.0,,-0.0653982576594556,True,True,True,BFIN,,11.769719
2024-07-03,10.130000114440918,10.989999771118164,,-0.036864885863158815,True,True,True,BFIN,,11.410652
2024-07-05,10.149999618530273,10.979999542236328,,-0.06945164445560884,True,True,True,BFIN,,11.799494
2024-07-08,10.069999694824219,11.0,,-0.039336500193434716,True,True,True,BFIN,,11.450419
2024-07-10,10.100000381469727,11.460000038146973,,-0.03130045863905105,True,True,True,BFIN,,11.830294
2024-07-12,10.680000305175781,11.739999771118164,,-0.010962558037331894,True,True,True,BFIN,,11.870127
2024-07-15,10.600000381469727,11.800000190734863,,-0.014997465686864934,True,True,True,BFIN,,11.979665
2024-07-16,10.6899995803833,11.979999542236328,,0.05362880484943319,True,True,True,BFIN,,11.370228
2024-07-17,11.0,11.720000267028809,,0.06538649560345218,True,True,True,BFIN,,11.000703
2024-07-18,10.989999771118164,11.800000190734863,,-0.013304192525186538,True,True,True,BFIN,,11.959106
2024-07-19,10.979999542236328,11.829999923706055,,0.032271341567435205,True,True,True,BFIN,,11.460165
2024-07-23,11.600000381469727,11.399999618530273,,-0.03389218465386008,True,False,False,BFIN,,11.799925
2024-07-24,11.460000038146973,11.449999809265137,,0.04171350151044269,False,False,True,BFIN,,10.991506
2024-07-25,11.739999771118164,11.40999984741211,,-0.05999729256009499,True,False,False,BFIN,,12.138263
2024-07-29,11.800000190734863,11.260000228881836,,0.0009089333859150421,False,False,True,BFIN,,11.249775
2024-07-30,11.979999542236328,11.369999885559082,,0.03543749878411766,False,False,True,BFIN,,10.9808655
2024-07-31,11.720000267028809,11.279999732971191,,-0.01742264799693296,False,False,True,BFIN,,11.480012
2024-08-01,11.800000190734863,11.25,,-0.030148844225517887,False,False,True,BFIN,,11.599718
2024-08-02,11.829999923706055,12.09000015258789,,0.0990101241558002,False,True,False,BFIN,,11.000809
2024-08-05,11.550000190734863,11.989999771118164,,0.008427204442062759,True,True,True,BFIN,,11.889802
2024-08-06,11.399999618530273,11.770000457763672,,-0.01830858849336704,True,True,True,BFIN,,11.9895115
2024-08-09,11.369999885559082,12.140000343322754,,-0.008029376707350069,True,True,True,BFIN,,12.238266
2024-08-12,11.260000228881836,11.770000457763672,,0.004234685362869402,True,True,True,BFIN,,11.720368
2024-08-14,11.279999732971191,12.239999771118164,,0.01241825641773201,True,True,True,BFIN,,12.089865
2024-08-15,11.25,11.960000038146973,,0.062053425797672604,True,True,True,BFIN,,11.261204
2024-08-16,12.09000015258789,11.869999885559082,,0.05229884056534973,False,False,True,BFIN,,11.280066
2024-08-19,11.989999771118164,11.890000343322754,,0.012794980236492717,False,False,True,BFIN,,11.73979
2024-08-20,11.770000457763672,11.600000381469727,,0.017498813815552166,False,False,True,BFIN,,11.400505
2024-08-22,12.1899995803833,11.479999542236328,,-0.024567778576480903,False,False,True,BFIN,,11.769141
2024-07-02,229.0800018310547,224.36000061035156,,0.005937267353365831,False,False,True,XLK,223.03577756955528,
2024-07-03,232.1699981689453,224.3800048828125,,0.057901489321857284,False,False,True,XLK,212.09914831166935,
2024-07-05,232.8800048828125,220.8699951171875,,0.04167441178351706,False,False,True,XLK,212.0336187763525,
2024-07-08,234.47000122070312,226.10000610351562,,0.06803880764973964,False,False,True,XLK,211.69643320457368,
2024-07-10,237.67999267578125,215.8800048828125,,0.02839711584047491,False,False,True,XLK,209.91891318790886,
2024-07-12,233.8000030517578,216.27999877929688,,0.003460513481981049,False,False,True,XLK,215.53413998206176,
2024-07-15,234.22000122070312,215.32000732421875,,0.0003809661114321196,False,False,True,XLK,215.23800893692166,
2024-07-16,233.44000244140625,209.91000366210938,,-0.004202890554082378,False,False,True,XLK,210.795955994397,
2024-07-17,224.36000061035156,218.8000030517578,,0.022002145115160677,False,False,True,XLK,214.08957319468553,
2024-07-18,224.3800048828125,210.63999938964844,,-0.029279902858210496,False,False,True,XLK,216.99354943805292,
2024-07-19,220.8699951171875,204.72000122070312,,-0.05161894073475303,False,False,True,XLK,215.8625999756984,
2024-07-23,225.1999969482422,200.58999633789062,,-0.07251118921072602,False,False,True,XLK,216.27214690298274,
2024-07-24,215.8800048828125,197.33999633789062,,-0.08247605197284588,False,False,True,XLK,215.0788508160556,
2024-07-25,213.57000732421875,204.7100067138672,,-0.04138320904090759,False,False,True,XLK,213.5472783749757,
2024-07-29,215.32000732421875,207.30999755859375,,-0.06086886992074446,True,False,False,XLK,220.74659322718688,
2024-07-30,209.91000366210938,213.67999267578125,,-0.012664659824548886,True,True,True,XLK,216.42088962176717,
2024-07-31,218.8000030517578,214.85000610351562,,0.00458171844694655,False,False,True,XLK,213.870113459428,
2024-08-01,210.63999938964844,221.02999877929688,,0.020835959434395427,True,True,True,XLK,216.51862548196362,
2024-08-02,204.72000122070312,221.39999389648438,,0.028929526900511156,True,True,True,XLK,215.17508061355488,
2024-08-05,197.89999389648438,225.0500030517578,,0.03639468367271549,True,True,True,XLK,217.14700644183029,
2024-08-06,200.58999633789062,224.25999450683594,,0.009241614055319806,True,True,True,XLK,222.2064482713091,
2024-08-09,205.6300048828125,223.9600067138672,,0.009791567006344879,True,True,True,XLK,221.78835121175058,
2024-08-12,207.30999755859375,221.14999389648438,,0.01399877440593082,True,True,True,XLK,218.09690453131861,
2024-08-14,214.85000610351562,219.4199981689453,,0.003667715283991207,True,True,True,XLK,218.6181689692586,
2024-08-15,221.02999877929688,217.44000244140625,,0.01685940510175823,False,False,True,XLK,213.83487368113273,
2024-08-16,221.39999389648438,220.3300018310547,,0.055137965497351546,False,False,True,XLK,208.81629610133456,
2024-08-19,225.0500030517578,210.2100067138672,,-0.0004603258648321798,False,False,True,XLK,210.30681638099787,
2024-08-20,224.25999450683594,209.6699981689453,,0.033272300321756175,False,False,True,XLK,202.918435056911,
2024-08-22,220.38999938964844,203.9199981689453,,-0.09336419800340037,True,False,False,XLK,224.9194193742088,
2024-07-02,121.22000122070312,126.55000305175781,,-0.0065927055498147535,True,True,True,XLI,,127.38985
2024-07-03,121.66000366210938,125.55999755859375,,0.010459043757025903,True,True,True,XLI,,124.26035
2024-07-05,121.22000122070312,124.87000274658203,,-0.009596174842787315,True,True,True,XLI,,126.07989
2024-07-08,121.37000274658203,126.13999938964844,,0.038517050830070086,True,True,True,XLI,,121.461655
2024-07-10,121.91999816894531,123.19000244140625,,0.0037487436636136637,True,True,True,XLI,,122.72992
2024-07-12,124.18000030517578,126.30000305175781,,-0.0392370119299153,True,True,True,XLI,,131.45802
2024-07-15,125.06999969482422,126.08000183105469,,-0.0029265004559534047,True,True,True,XLI,,126.45006
2024-07-16,128.19000244140625,126.44999694824219,,0.012003380986402723,False,False,True,XLI,,124.95017
2024-07-17,126.55000305175781,127.86000061035156,,0.010351985596566403,False,True,False,XLI,,126.54996
2024-07-18,125.55999755859375,125.48999786376953,,-0.035202372449961196,True,False,False,XLI,,130.06873
2024-07-19,124.87000274658203,122.7300033569336,,-0.0037410956448907695,False,False,True,XLI,,123.19087
2024-07-23,125.9000015258789,122.05000305175781,,-0.027414039340717747,False,False,True,XLI,,125.4902
2024-07-24,123.19000244140625,121.45999908447266,,-0.0326538761917661,True,False,False,XLI,,125.56002
2024-07-25,124.18000030517578,124.26000213623047,,-0.03882701655622261,True,True,True,XLI,,129.27954
2024-07-29,126.08000183105469,123.6500015258789,,-0.027525609498596195,True,False,False,XLI,,127.14988
2024-07-30,126.44999694824219,124.94999694824219,,0.000636523625425459,False,False,True,XLI,,124.870514
2024-07-31,127.86000061035156,125.45999908447266,,-0.0034147164491457847,False,False,True,XLI,,125.88988
2024-08-01,125.48999786376953,127.1500015258789,,-0.011888485455037021,True,True,True,XLI,,128.67981
2024-08-02,122.7300033569336,126.97000122070312,,0.0065826229471906495,True,True,True,XLI,,126.13967
2024-08-05,120.5999984741211,127.73999786376953,,-0.006300618577699795,True,True,True,XLI,,128.54994
2024-08-06,122.05000305175781,127.38999938964844,,-0.00273992860477699,True,True,True,XLI,,127.74
2024-08-09,124.27999877929688,129.27999877929688,,0.0009278598971722365,True,True,True,XLI,,129.16016
2024-08-12,123.6500015258789,129.13999938964844,,0.01001455592958114,True,True,True,XLI,,127.85954
2024-08-14,125.45999908447266,129.16000366210938,,0.017251549784081475,True,True,True,XLI,,126.96958
2024-08-15,127.1500015258789,130.07000732421875,,0.051919751807066414,False,True,False,XLI,,123.65012
2024-08-16,126.97000122070312,131.4600067138672,,0.04781591276457833,False,True,False,XLI,,125.460976
2024-08-19,127.73999786376953,128.5500030517578,,0.017815894589798768,False,True,False,XLI,,126.29986
2024-08-20,127.38999938964844,128.67999267578125,,0.05431683806414974,False,True,False,XLI,,122.05059
2024-08-22,128.0,125.88999938964844,,-0.025166946836366756,True,False,False,XLI,,129.14006
2024-07-02,186.5800018310547,191.4499969482422,183.97010345458983,0.04065820126854824,False,True,False,XLY,,
2024-07-03,187.77000427246094,189.5,177.0414988708496,0.07037051317690646,False,True,False,XLY,,
2024-07-05,189.3000030517578,187.80999755859375,181.88360275268553,0.03258344741480943,False,False,True,XLY,,
2024-07-08,189.38999938964844,189.8800048828125,173.6782028198242,0.09328632954473988,False,True,False,XLY,,
2024-07-10,191.4499969482422,181.3000030517578,176.27270324707033,0.028520013093808624,False,False,True,XLY,,
2024-07-12,191.49000549316406,182.61000061035156,185.25169723510743,-0.014260040065399373,False,False,True,XLY,,
2024-07-15,191.27000427246094,185.66000366210938,185.6992025756836,-0.00021108821702255225,False,False,True,XLY,,
2024-07-16,194.6999969482422,184.6300048828125,179.0626998901367,0.031091371883097862,False,False,True,XLY,,
2024-07-17,191.4499969482422,187.49000549316406,189.08509857177734,-0.008435847619201848,False,False,True,XLY,,
2024-07-18,189.5,182.88999938964844,184.04469833374023,-0.006274013620310325,False,False,True,XLY,,
2024-07-19,187.80999755859375,176.16000366210938,182.3914015197754,-0.03416497601171401,False,False,True,XLY,,
2024-07-23,189.02999877929688,173.07000732421875,183.7900991821289,-0.058327907246445036,False,False,True,XLY,,
2024-07-24,181.3000030517578,170.0500030517578,188.09159957885743,-0.09591920408723874,True,False,False,XLY,,
2024-07-25,180.58999633789062,173.75999450683594,187.60599716186525,-0.0738036249613229,True,False,False,XLY,,
2024-07-29,185.66000366210938,173.64999389648438,183.95799758911133,-0.05603455042846746,False,False,True,XLY,,
2024-07-30,184.6300048828125,178.0,186.32359756469725,-0.04467280405428542,True,False,False,XLY,,
2024-07-31,187.49000549316406,177.0500030517578,183.49159606933594,-0.03510565691054344,False,False,True,XLY,,
2024-08-01,182.88999938964844,182.6999969482422,185.4914993286133,-0.015049219993773007,True,False,False,XLY,,
2024-08-02,176.16000366210938,183.1300048828125,188.26890319824219,-0.02729552373297974,True,True,True,XLY,,
2024-08-05,171.17999267578125,185.3800048828125,185.10360229492187,0.0014932318143125213,True,True,True,XLY,,
2024-08-06,173.07000732421875,185.2100067138672,184.81580352783203,0.002132951720093525,True,True,True,XLY,,
2024-08-09,174.33999633789062,187.8699951171875,185.17069885253906,0.014577340158974217,True,True,True,XLY,,
2024-08-12,173.64999389648438,186.41000366210938,186.53980392456054,-0.0006958314510916005,True,True,True,XLY,,
2024-08-14,177.0500030517578,184.1199951171875,183.90470413208007,0.0011706660040235197,True,True,True,XLY,,
2024-08-15,182.6999969482422,184.33999633789062,175.32159591674804,0.05143918736300462,False,True,False,XLY,,
2024-08-16,183.1300048828125,187.1199951171875,177.24560165405273,0.055710231289166585,False,True,False,XLY,,
2024-08-19,185.3800048828125,184.5500030517578,180.87420181274413,0.020322418576968603,False,False,True,XLY,,
2024-08-20,185.2100067138672,185.02999877929688,174.7792057800293,0.05864995754797548,False,False,True,XLY,,
2024-08-22,184.30999755859375,182.39999389648438,182.57320373535157,-0.000948714462601369,False,False,True,XLY,,
2024-07-02,41.68000030517578,43.81999969482422,43.57859920501709,0.005539427476120781,True,True,True,XLF,,
2024-07-03,41.54999923706055,43.290000915527344,42.82300048828125,0.01090536445184145,True,True,True,XLF,,
2024-07-05,41.540000915527344,42.849998474121094,43.50409912109375,-0.015035379658178133,True,True,True,XLF,,
2024-07-08,41.43000030517578,43.09000015258789,42.33239933013916,0.01789647727123619,True,True,True,XLF,,
2024-07-10,41.90999984741211,42.58000183105469,42.743401222229004,-0.003822798057758191,True,True,True,XLF,,
2024-07-12,42.380001068115234,43.40999984741211,45.07030094146729,-0.036838029908240644,True,True,True,XLF,,
2024-07-15,43.0,43.349998474121094,43.77629909515381,-0.009738160370891409,True,True,True,XLF,,
2024-07-16,43.4900016784668,43.849998474121094,42.54289905548096,0.030724267684144494,False,True,False,XLF,,
2024-07-17,43.81999969482422,43.7400016784668,43.442799758911136,0.006841223889919713,False,False,True,XLF,,
2024-07-18,43.290000915527344,43.119998931884766,44.50230110168457,-0.031061363920066642,True,False,False,XLF,,
2024-07-19,42.849998474121094,42.060001373291016,43.078601379394534,-0.023645150341179325,True,False,False,XLF,,
2024-07-23,43.16999816894531,41.5,43.32579959869385,-0.04214116336236968,True,False,False,XLF,,
2024-07-24,42.58000183105469,41.54999923706055,43.46150058746338,-0.0439814853275961,True,False,False,XLF,,
2024-07-25,42.7400016784668,42.220001220703125,43.95730030059814,-0.03952242444405479,True,False,False,XLF,,
2024-07-29,43.349998474121094,42.18000030517578,43.54170063018799,-0.031273475893316964,True,False,False,XLF,,
2024-07-30,43.849998474121094,42.529998779296875,43.030299224853515,-0.011626701523555183,False,False,True,XLF,,
2024-07-31,43.7400016784668,43.04999923706055,44.2590007019043,-0.027316510668342606,True,False,False,XLF,,
2024-08-01,43.119998931884766,43.45000076293945,45.04580081939697,-0.035426166866376584,True,True,True,XLF,,
2024-08-02,42.060001373291016,43.77000045776367,43.43950038909912,0.0076082842966464104,True,True,True,XLF,,
2024-08-05,40.84000015258789,44.0099983215332,44.7085009765625,-0.015623486356553752,True,True,True,XLF,,
2024-08-06,41.5,43.869998931884766,43.81599914550781,0.0012324216594406237,True,True,True,XLF,,
2024-08-09,42.400001525878906,44.43000030517578,44.710400085449216,-0.0062714665880319225,True,True,True,XLF,,
2024-08-12,42.18000030517578,44.56999969482422,43.457501068115235,0.025599691638165178,True,True,True,XLF,,
2024-08-14,43.04999923706055,44.90999984741211,43.39300022125244,0.03495954689523152,True,True,True,XLF,,
2024-08-15,43.45000076293945,45.310001373291016,42.345400161743164,0.07000999400700461,False,True,False,XLF,,
2024-08-16,43.77000045776367,45.7400016784668,42.94589958190918,0.06506097494193885,False,True,False,XLF,,
2024-08-19,44.0099983215332,45.400001525878906,43.20919994354248,0.05070220196622356,False,True,False,XLF,,
2024-08-20,43.869998931884766,45.45000076293945,41.88570003509521,0.08509588534649733,False,True,False,XLF,,
2024-08-22,44.04999923706055,44.290000915527344,44.3196997833252,-0.0006701053469010312,True,True,True,XLF,,
2024-07-02,38.20000076293945,40.900001525878906,41.81660106658936,-0.021919513239510885,True,True,True,XLRE,,
2024-07-03,38.15999984741211,40.560001373291016,41.642199745178225,-0.025988021250306727,True,True,True,XLRE,,
2024-07-05,38.29999923706055,40.5099983215332,41.23970100402832,-0.017694179752269258,True,True,True,XLRE,,
2024-07-08,38.38999938964844,40.90999984741211,41.499400215148924,-0.014202623765190232,True,True,True,XLRE,,
2024-07-10,38.66999816894531,40.279998779296875,42.11950038909912,-0.043673395762270875,True,True,True,XLRE,,
2024-07-12,39.9900016784668,40.72999954223633,42.88199966430664,-0.05018422972148745,True,True,True,XLRE,,
2024-07-15,40.15999984741211,40.9900016784668,41.522000541687014,-0.012812457402819591,True,True,True,XLRE,,
2024-07-16,40.540000915527344,41.290000915527344,41.77029907226562,-0.011498556807250251,True,True,True,XLRE,,
2024-07-17,40.900001525878906,41.189998626708984,41.36510105133057,-0.004233095536362831,True,True,True,XLRE,,
2024-07-18,40.560001373291016,41.83000183105469,42.4257007598877,-0.01404099209119548,True,True,True,XLRE,,
2024-07-19,40.5099983215332,41.86000061035156,40.82569957733154,0.0253345574902118,True,True,True,XLRE,,
2024-07-23,40.84000015258789,41.54999923706055,41.70610130310059,-0.003742907180548099,True,True,True,XLRE,,
2024-07-24,40.279998779296875,41.25,41.18760112762451,0.0015149916641694927,True,True,True,XLRE,,
2024-07-25,40.060001373291016,41.599998474121094,42.538899726867676,-0.022071592325496138,True,True,True,XLRE,,
2024-07-29,40.9900016784668,41.560001373291016,41.75340057373047,-0.004631938902747241,True,True,True,XLRE,,
2024-07-30,41.290000915527344,41.849998474121094,41.278799057006836,0.013837597753883784,False,True,False,XLRE,,
2024-07-31,41.189998626708984,42.0,43.201200523376464,-0.027804794978474875,True,True,True,XLRE,,
2024-08-01,41.83000183105469,41.880001068115234,43.331900138854984,-0.03350647135452654,True,True,True,XLRE,,
2024-08-02,41.86000061035156,41.86000061035156,41.63780002593994,0.005336511157486591,False,False,True,XLRE,,
2024-08-05,40.650001525878906,42.11000061035156,43.14910099029541,-0.02408162293294474,True,True,True,XLRE,,
2024-08-06,41.54999923706055,42.150001525878906,42.17060035705566,-0.0004884642618873483,True,True,True,XLRE,,
2024-08-09,41.810001373291016,43.369998931884766,42.4614994430542,0.02139584095585149,True,True,True,XLRE,,
2024-08-12,41.560001373291016,43.34000015258789,41.53819904327393,0.043376967485684,False,True,False,XLRE,,
2024-08-14,42.0,43.29999923706055,41.81770053863525,0.03544668117405941,False,True,False,XLRE,,
2024-08-15,41.880001068115234,43.130001068115234,41.633501052856445,0.03594461136859196,False,True,False,XLRE,,
2024-08-16,41.86000061035156,43.54999923706055,41.9173999786377,0.03894800868505369,True,True,True,XLRE,,
2024-08-19,42.11000061035156,43.650001525878906,41.26199966430664,0.05787411858369009,False,True,False,XLRE,,
2024-08-20,42.150001525878906,43.75,41.597699394226076,0.0517408567569165,False,True,False,XLRE,,
2024-08-22,42.54999923706055,43.630001068115234,42.705799980163576,0.0216411140496359,True,True,True,XLRE,,
2024-07-02,68.0199966430664,70.11000061035156,,-0.062318096583259076,True,True,True,XLU,,74.76949
2024-07-03,68.43000030517578,70.05000305175781,,-0.04512081648588298,True,True,True,XLU,,73.36007
2024-07-05,68.55000305175781,70.12999725341797,,-0.01904071287551358,True,True,True,XLU,,71.49124
2024-07-08,68.62000274658203,70.72000122070312,,-0.034938182672283054,True,True,True,XLU,,73.28028
2024-07-10,69.47000122070312,71.06999969482422,,-0.042440524436545266,True,True,True,XLU,,74.21993
2024-07-12,71.26000213623047,71.16999816894531,,-0.06709203126429793,True,False,False,XLU,,76.28834
2024-07-15,69.52999877929688,71.48999786376953,,-0.005152952497921194,True,True,True,XLU,,71.86029
2024-07-16,70.06999969482422,71.86000061035156,,-0.031140748753467933,True,True,True,XLU,,74.1697
2024-07-17,70.11000061035156,72.79000091552734,,0.03821909663142216,True,True,True,XLU,,70.11044
2024-07-18,70.05000305175781,74.0999984741211,,-0.021384590117354028,True,True,True,XLU,,75.71922
2024-07-19,70.12999725341797,74.22000122070312,,0.04431568203356439,True,True,True,XLU,,71.070465
2024-07-23,70.27999877929688,72.87000274658203,,-0.01659488037603091,True,True,True,XLU,,74.09968
2024-07-24,71.06999969482422,73.27999877929688,,0.0461039338698094,False,True,False,XLU,,70.0504
2024-07-25,70.4800033569336,73.36000061035156,,-0.027306101651399496,True,True,True,XLU,,75.41941
2024-07-29,71.48999786376953,73.73999786376953,,-0.004998659124822868,True,True,True,XLU,,74.11045
2024-07-30,71.86000061035156,74.16999816894531,,0.057571879861019776,False,True,False,XLU,,70.13235
2024-07-31,72.79000091552734,74.12000274658203,,-0.023576150713528973,True,True,True,XLU,,75.90966
2024-08-01,74.0999984741211,74.11000061035156,,-0.0353803420785267,True,True,True,XLU,,76.82821
2024-08-02,74.22000122070312,74.44000244140625,,0.05259910095932482,False,True,False,XLU,,70.720184
2024-08-05,72.26000213623047,74.93000030517578,,-0.01640693000104456,True,True,True,XLU,,76.17988
2024-08-06,72.87000274658203,74.7699966430664,,-0.0021289741478655987,True,True,True,XLU,,74.92952
2024-08-09,73.61000061035156,75.41999816894531,,0.0014600288237164116,True,True,True,XLU,,75.31004
2024-08-12,73.73999786376953,75.91000366210938,,0.04284787446008592,False,True,False,XLU,,72.79106
2024-08-14,74.12000274658203,75.30999755859375,,0.011698293708868181,True,True,True,XLU,,74.439186
2024-08-15,74.11000061035156,75.72000122070312,,0.02684636390781284,False,True,False,XLU,,73.74034
2024-08-16,74.44000244140625,76.29000091552734,,0.029277352298268708,False,True,False,XLU,,74.119965
2024-08-19,74.93000030517578,76.18000030517578,,0.07037283035178107,False,True,False,XLU,,71.17146
2024-08-20,74.7699966430664,76.83000183105469,,0.05433903143209647,False,True,False,XLU,,72.8703
2024-08-22,75.20999908447266,75.91000366210938,,1.658372959233876e-05,True,True,True,XLU,,75.908745
2024-07-02,87.11000061035156,91.83000183105469,,0.00701899916676449,True,True,True,XLB,91.18993972014171,
2024-07-03,87.76000213623047,90.91999816894531,,0.008888590413656606,True,True,True,XLB,90.11896757764602,
2024-07-05,87.9000015258789,90.11000061035156,,-0.0075528992807752,True,True,True,XLB,90.79577193086563,
2024-07-08,88.16000366210938,90.41000366210938,,0.01379927329356057,True,True,True,XLB,89.1793928480454,
2024-07-10,88.43000030517578,89.61000061035156,,-0.0019382258397992122,True,True,True,XLB,89.78402232241798,
2024-07-12,90.5,91.33000183105469,,0.010249379075194302,False,True,False,XLB,90.40342288025981,
2024-07-15,90.2699966430664,91.48999786376953,,0.012326739873251094,True,True,True,XLB,90.37595695163064,
2024-07-16,92.0199966430664,91.19000244140625,,-0.002091596819788236,False,False,True,XLB,91.38113493261996,
2024-07-17,91.83000183105469,92.13999938964844,,0.010186422478837854,False,True,False,XLB,91.21088676241702,
2024-07-18,90.91999816894531,91.7699966430664,,0.0032675497240927586,True,True,True,XLB,91.4711102420326,
2024-07-19,90.11000061035156,90.04000091552734,,-0.018773433721082478,True,False,False,XLB,91.76270191805337,
2024-07-23,90.7699966430664,88.4800033569336,,-0.033960433551738604,True,False,False,XLB,91.59045491504965,
2024-07-24,89.61000061035156,87.27999877929688,,-0.05116311960341486,True,False,False,XLB,91.98630510948992,
2024-07-25,89.86000061035156,88.62999725341797,,-0.028361028250420018,True,False,False,XLB,91.21700531816516,
2024-07-29,91.48999786376953,88.16999816894531,,-0.03362695335253724,False,False,True,XLB,91.2380560228002,
2024-07-30,91.19000244140625,89.05000305175781,,-0.010479693186224878,False,False,True,XLB,89.99310316176944,
2024-07-31,92.13999938964844,89.05000305175781,,-0.019240125268564213,False,False,True,XLB,90.79694769949946,
2024-08-01,91.7699966430664,90.45999908447266,,-0.0016277048571795801,False,False,True,XLB,90.60748132191715,
2024-08-02,90.04000091552734,90.56999969482422,,0.006488407266633084,False,True,False,XLB,89.98613301547043,
2024-08-05,88.02999877929688,91.0,,-0.007319211369601738,True,True,True,XLB,91.67095912629951,
2024-08-06,88.4800033569336,90.66999816894531,,-0.01822112267766394,True,True,True,XLB,92.35276930813076,
2024-08-09,88.55999755859375,92.7300033569336,,0.01957376744803604,True,True,True,XLB,90.94977363828626,
2024-08-12,88.16999816894531,93.13999938964844,,0.017274290262746846,True,True,True,XLB,91.55839313071773,
2024-08-14,89.05000305175781,92.75,,0.018647791433505645,True,True,True,XLB,91.05207980618731,
2024-08-15,90.45999908447266,93.26000213623047,,0.045700553738797785,False,True,False,XLB,89.18423329010265,
2024-08-16,90.56999969482422,94.27999877929688,,0.05784526899937465,False,True,False,XLB,89.12456437837754,
2024-08-19,91.0,92.13999938964844,,0.020110849996436694,False,True,False,XLB,90.32351669425954,
2024-08-20,90.66999816894531,91.76000213623047,,0.011550516243081075,True,True,True,XLB,90.71222906101512,
2024-08-22,91.5199966430664,89.88999938964844,,-0.024342028157022348,True,False,False,XLB,92.13269607160585,
2024-07-02,76.56999969482422,78.73999786376953,,-0.01791745480368122,True,True,True,XLP,80.17655771290525,
2024-07-03,76.44000244140625,78.3499984741211,,-0.021957208689955644,True,True,True,XLP,80.10896779799869,
2024-07-05,77.37999725341797,78.08999633789062,,-0.017353031964037636,True,True,True,XLP,79.46902486655078,
2024-07-08,77.26000213623047,78.13999938964844,,-0.010491862685943851,True,True,True,XLP,78.96852632435491,
2024-07-10,77.4000015258789,77.79000091552734,,-0.011695875092432518,True,True,True,XLP,78.71059014633047,
2024-07-12,77.44999694824219,78.48999786376953,,-0.012235033732575852,True,True,True,XLP,79.46222081591768,
2024-07-15,77.0,78.5199966430664,,-0.01980660346389556,True,True,True,XLP,80.1066370376983,
2024-07-16,77.73999786376953,77.98999786376953,,-0.019528046514015976,True,True,True,XLP,79.54332358664904,
2024-07-17,78.73999786376953,77.8499984741211,,-0.0220882505505082,True,False,False,XLP,79.60840895709268,
2024-07-18,78.3499984741211,78.56999969482422,,-0.023488689412024193,True,True,True,XLP,80.45989723100672,
2024-07-19,78.08999633789062,79.26000213623047,,0.003028371247761131,True,True,True,XLP,79.02069812604753,
2024-07-23,77.86000061035156,78.23999786376953,,-0.0052404326627793355,True,True,True,XLP,78.65216926056102,
2024-07-24,77.79000091552734,78.31999969482422,,-0.004175022251348713,True,True,True,XLP,78.64835834092965,
2024-07-25,77.69999694824219,79.02999877929688,,-0.032680357363248695,True,True,True,XLP,81.6999834345081,
2024-07-29,78.5199966430664,78.75,,-0.01228353454374916,True,True,True,XLP,79.72935832716266,
2024-07-30,77.98999786376953,79.11000061035156,,-0.009549812770135467,True,True,True,XLP,79.8727706151583,
2024-07-31,77.8499984741211,79.47000122070312,,-0.010810541612176486,True,True,True,XLP,80.3385039608317,
2024-08-01,78.56999969482422,80.29000091552734,,0.00958113842457516,True,True,True,XLP,79.5280318338928,
2024-08-02,79.26000213623047,80.51000213623047,,0.009904532037498795,True,True,True,XLP,79.72040879329478,
2024-08-05,77.69999694824219,80.77999877929688,,-0.018835363069596066,True,True,True,XLP,82.33072793167409,
2024-08-06,78.23999786376953,81.18000030517578,,-0.014227478848011477,True,True,True,XLP,82.35165675982489,
2024-08-09,79.1500015258789,81.83999633789062,,0.022847695296382118,True,True,True,XLP,80.01190862944314,
2024-08-12,78.75,82.41999816894531,,0.02741256768222081,True,True,True,XLP,80.22093632247436,
2024-08-14,79.47000122070312,82.2699966430664,,0.024462852661626348,True,True,True,XLP,80.30549514735765,
2024-08-15,80.29000091552734,81.86000061035156,,0.020481541837303645,False,True,False,XLP,80.21703211110366,
2024-08-16,80.51000213623047,82.51000213623047,,0.037825470180045055,False,True,False,XLP,79.50277238996301,
2024-08-19,80.77999877929688,83.08999633789062,,0.042001484896243495,False,True,False,XLP,79.74076576883597,
2024-08-20,81.18000030517578,83.4800033569336,,0.05252323248893418,False,True,False,XLP,79.31416692772268,
2024-08-22,81.61000061035156,82.98999786376953,,0.03594952928057929,False,True,False,XLP,80.11007825970285,
2024-07-02,144.39999389648438,150.5399932861328,152.66609878540038,-0.013926507038449904,True,True,True,XLV,,
2024-07-03,143.3000030517578,147.1199951171875,149.90730209350585,-0.018593537055184566,True,True,True,XLV,,
2024-07-05,144.41000366210938,147.8699951171875,149.67620162963868,-0.012067426169194827,True,True,True,XLV,,
2024-07-08,144.25,148.72000122070312,148.23839752197264,0.0032488458238972497,True,True,True,XLV,,
2024-07-10,146.32000732421875,149.8699951171875,150.98519989013673,-0.007386186021945841,True,True,True,XLV,,
2024-07-12,148.27000427246094,149.9600067138672,155.13889739990233,-0.03338228370081484,True,True,True,XLV,,
2024-07-15,147.75,150.0500030517578,151.83569458007813,-0.01176068337065854,True,True,True,XLV,,
2024-07-16,149.86000061035156,150.17999267578125,151.44479965209962,-0.008351603879591076,True,True,True,XLV,,
2024-07-17,150.5399932861328,149.6300048828125,151.2151951599121,-0.010483009167321042,True,False,False,XLV,,
2024-07-18,147.1199951171875,151.16000366210938,154.16319580078124,-0.019480603804767807,True,True,True,XLV,,
2024-07-19,147.8699951171875,150.86000061035156,150.44739593505858,0.002742517892905806,True,True,True,XLV,,
2024-07-23,148.6300048828125,147.50999450683594,150.4847006225586,-0.019767498645485077,True,False,False,XLV,,
2024-07-24,149.8699951171875,146.00999450683594,149.40999710083008,-0.022756192088670187,False,False,True,XLV,,
2024-07-25,149.1199951171875,149.24000549316406,153.35549850463866,-0.02683629248122534,True,True,True,XLV,,
2024-07-29,150.0500030517578,149.41000366210938,151.83880249023437,-0.015995903473232456,True,False,False,XLV,,
2024-07-30,150.17999267578125,151.22000122070312,150.04259658813476,0.007847135809041821,False,True,False,XLV,,
2024-07-31,149.6300048828125,151.75999450683594,153.3758984375,-0.010535579234585861,True,True,True,XLV,,
2024-08-01,151.16000366210938,152.7100067138672,155.00850357055663,-0.014828198477790037,True,True,True,XLV,,
2024-08-02,150.86000061035156,152.8699951171875,150.27829986572266,0.0172459713330573,False,True,False,XLV,,
2024-08-05,146.8300018310547,153.8000030517578,155.36609573364257,-0.01008001568482252,True,True,True,XLV,,
2024-08-06,147.50999450683594,154.4199981689453,153.68110076904296,0.004807991328828362,True,True,True,XLV,,
2024-08-09,149.97999572753906,155.4499969482422,153.45589736938476,0.012994610262891487,True,True,True,XLV,,
2024-08-12,149.41000366210938,155.3699951171875,150.6128024291992,0.03158557978644995,True,True,True,XLV,,
2024-08-14,151.75999450683594,155.7899932861328,151.7089978027344,0.026900154522837862,False,True,False,XLV,,
2024-08-15,152.7100067138672,156.1199951171875,149.8979019165039,0.041508874514797525,False,True,False,XLV,,
2024-08-16,152.8699951171875,157.1999969482422,151.07139801025392,0.040567566188619605,False,True,False,XLV,,
2024-08-19,153.8000030517578,156.89999389648438,150.32570281982422,0.04373364603217524,False,True,False,XLV,,
2024-08-20,154.4199981689453,156.6300048828125,148.67279586791992,0.05352162087515812,False,True,False,XLV,,
2024-08-22,154.77999877929688,153.9499969482422,153.67549591064454,0.0017862381765617011,False,False,True,XLV,,
2024-07-02,91.12999725341797,93.22000122070312,89.38290031433105,0.04292880285690234,False,True,False,XLE,,
2024-07-03,91.52999877929688,93.38999938964844,89.41760009765625,0.04442525059556269,False,True,False,XLE,,
2024-07-05,90.0999984741211,92.37000274658203,90.55860107421876,0.020002535936688236,True,True,True,XLE,,
2024-07-08,89.55000305175781,91.79000091552734,88.28530151367187,0.03969742801764955,False,True,False,XLE,,
2024-07-10,89.36000061035156,90.33999633789062,88.47980125427246,0.02102395187656846,False,True,False,XLE,,
2024-07-12,90.5199966430664,92.19000244140625,90.36429962158203,0.020203806453098168,False,True,False,XLE,,
2024-07-15,91.88999938964844,91.4000015258789,91.55540016174317,-0.0016973180783408663,False,False,True,XLE,,
2024-07-16,92.30000305175781,92.81999969482422,89.62920272827148,0.03559997042734237,False,True,False,XLE,,
2024-07-17,93.22000122070312,93.20999908447266,92.57400100708008,0.006870158688981477,False,False,True,XLE,,
2024-07-18,93.38999938964844,90.73999786376953,90.62880165100097,0.0012269412233515214,False,False,True,XLE,,
2024-07-19,92.37000274658203,88.4000015258789,90.70709777832032,-0.025434572475019974,False,False,True,XLE,,
2024-07-23,90.33000183105469,86.9800033569336,90.86629890441894,-0.04276938308638816,True,False,False,XLE,,
2024-07-24,90.33999633789062,87.33000183105469,92.17449951171875,-0.05255789514808431,True,False,False,XLE,,
2024-07-25,91.9000015258789,89.20999908447266,90.90219932556153,-0.018615613853613617,False,False,True,XLE,,
2024-07-29,91.4000015258789,89.8499984741211,91.06129997253419,-0.013302044872832304,False,False,True,XLE,,
2024-07-30,92.81999969482422,88.9800033569336,91.56140190124512,-0.028193086723330544,False,False,True,XLE,,
2024-07-31,93.20999908447266,89.5,88.3641015625,0.01285475003326528,False,False,True,XLE,,
2024-08-01,90.73999786376953,90.56999969482422,88.71039932250977,0.02096259724357461,False,False,True,XLE,,
2024-08-02,88.4000015258789,90.47000122070312,91.336400680542,-0.009485806900462291,True,True,True,XLE,,
2024-08-05,86.44999694824219,91.08000183105469,89.44790168762206,0.018246377082521054,True,True,True,XLE,,
2024-08-06,86.9800033569336,88.68000030517578,90.98760116577148,-0.02536170677135944,True,True,True,XLE,,
2024-08-09,89.41000366210938,90.38999938964844,90.19019805908204,0.002215333094573263,True,True,True,XLE,,
2024-08-12,89.8499984741211,91.19999694824219,92.27849960327148,-0.01168747497701037,True,True,True,XLE,,
2024-08-14,89.5,89.7699966430664,90.0300008392334,-0.0028879728284272525,True,True,True,XLE,,
2024-08-15,90.56999969482422,90.94000244140625,89.83539901733398,0.01229585927323738,False,True,False,XLE,,
2024-08-16,90.47000122070312,91.27999877929688,89.7052001953125,0.017555265252801534,False,True,False,XLE,,
2024-08-19,91.08000183105469,89.01000213623047,91.4772013092041,-0.026970645556090002,True,False,False,XLE,,
2024-08-20,88.68000030517578,87.77999877929688,88.01450233459472,-0.0026643740415228756,False,False,True,XLE,,
2024-08-22,89.05999755859375,86.01000213623047,90.59299842834473,-0.05058885754553336,True,False,False,XLE,,
2024-07-02,86.05999755859375,85.54000091552734,86.37950019836425,-0.009718732811709515,True,False,False,XLC,,
2024-07-03,86.08999633789062,85.48999786376953,85.19689880371094,0.003440255034797437,False,False,True,XLC,,
2024-07-05,87.76000213623047,85.11000061035156,84.72490112304688,0.004545292850155136,False,False,True,XLC,,
2024-07-08,86.97000122070312,85.47000122070312,83.9253978729248,0.018404480490126163,False,False,True,XLC,,
2024-07-10,87.79000091552734,83.12000274658203,84.99479835510255,-0.02205776876706907,False,False,True,XLC,,
2024-07-12,86.30999755859375,83.69999694824219,86.66299964904785,-0.03418993933748766,True,False,False,XLC,,
2024-07-15,86.62000274658203,84.44000244140625,85.22399917602539,-0.009199248359606265,False,False,True,XLC,,
2024-07-16,86.8499984741211,84.77999877929688,85.6084009552002,-0.009676645827514437,False,False,True,XLC,,
2024-07-17,85.54000091552734,85.79000091552734,85.3100008392334,0.005626539345586307,False,True,False,XLC,,
2024-07-18,85.48999786376953,86.13999938964844,86.08589897155761,0.0006284469203103812,True,True,True,XLC,,
2024-07-19,85.11000061035156,84.73999786376953,84.08670181274414,0.007769314730410554,False,False,True,XLC,,
2024-07-23,85.3499984741211,83.27999877929688,86.01089965820313,-0.03175063730013897,True,False,False,XLC,,
2024-07-24,83.12000274658203,82.83999633789062,85.71289840698242,-0.03351773329902654,True,False,False,XLC,,
2024-07-25,82.16000366210938,84.48999786376953,86.40759963989258,-0.02219251297472373,True,True,True,XLC,,
2024-07-29,84.44000244140625,84.62000274658203,86.04739990234376,-0.01658849840183079,True,True,True,XLC,,
2024-07-30,84.77999877929688,85.72000122070312,85.12150016784668,0.0070311384512290725,True,True,True,XLC,,
2024-07-31,85.79000091552734,85.2300033569336,84.48759811401368,0.00878715053442589,False,False,True,XLC,,
2024-08-01,86.13999938964844,86.0,85.35019805908203,0.007613361839748219,False,False,True,XLC,,
2024-08-02,84.73999786376953,86.26000213623047,85.41000061035156,0.009952014047590232,True,True,True,XLC,,
2024-08-05,82.30999755859375,87.23999786376953,85.62260093688965,0.018889836435499328,True,True,True,XLC,,
2024-08-06,83.27999877929688,87.18000030517578,86.5430990600586,0.007359353339949087,True,True,True,XLC,,
2024-08-09,85.20999908447266,87.5,86.11749893188477,0.01605366023470713,True,True,True,XLC,,
2024-08-12,84.62000274658203,87.69999694824219,85.40190025329589,0.02690919860249369,True,True,True,XLC,,
2024-08-14,85.2300033569336,86.91999816894531,85.66880142211915,0.014605045548158167,True,True,True,XLC,,
2024-08-15,86.0,86.73999786376953,84.88060218811034,0.021906014186120388,False,True,False,XLC,,
2024-08-16,86.26000213623047,87.31999969482422,85.55080169677734,0.02068008671990647,False,True,False,XLC,,
2024-08-19,87.23999786376953,85.72000122070312,84.55679801940919,0.013756471727168963,False,False,True,XLC,,
2024-08-20,87.18000030517578,85.30999755859375,83.88729904174805,0.01695964148443577,False,False,True,XLC,,
2024-08-22,86.88999938964844,83.7699966430664,86.88319786071777,-0.03583202845091096,False,False,True,XLC,,
